process_name,component_id,component_name,component_type,shape_type,connector_type,connection_name,operation_type,operation_name,deployment_id,environment_id,deployed_date,deployed_by,package_version
[Main] WCX Registrants to SF Int Q,Unknown,[WCX] POST Query,connector-action,OPERATION,operation_type,Unknown,http,[WCX] POST Query,7a65bc0a-92b1-4823-95b0-a5e70bab7fb2,e994923b-34fe-4e3c-9d6e-5d586bccfe52,2025-03-24T14:58:18Z,andy.strubhar@argano.com,9.2
[Main] WCX Registrants to SF Int Q,Unknown,[WCX] Webconnex API,Connection,CONNECTION,http,[WCX] Webconnex API,N/A,N/A,7a65bc0a-92b1-4823-95b0-a5e70bab7fb2,e994923b-34fe-4e3c-9d6e-5d586bccfe52,2025-03-24T14:58:18Z,andy.strubhar@argano.com,9.2
[Web Svc] Candidate Change to YL API,Unknown,[Attaccama] person/identify Matching Endpoint,connector-action,OPERATION,operation_type,Unknown,http,[Attaccama] person/identify Matching Endpoint,c648c6f4-408d-4f6d-9640-5de3cc420c8e,e994923b-34fe-4e3c-9d6e-5d586bccfe52,2025-06-02T20:44:39Z,andy.strubhar@argano.com,6.6
[Web Svc] Candidate Change to YL API,Unknown,[YLAPI] POST Application/JSON Operation,connector-action,OPERATION,operation_type,Unknown,http,[YLAPI] POST Application/JSON Operation,c648c6f4-408d-4f6d-9640-5de3cc420c8e,e994923b-34fe-4e3c-9d6e-5d586bccfe52,2025-06-02T20:44:39Z,andy.strubhar@argano.com,6.6
[Web Svc] Candidate Change to YL API,Unknown,[CLAM] executeCandidateSync,connector-action,OPERATION,operation_type,Unknown,wss,[CLAM] executeCandidateSync,c648c6f4-408d-4f6d-9640-5de3cc420c8e,e994923b-34fe-4e3c-9d6e-5d586bccfe52,2025-06-02T20:44:39Z,andy.strubhar@argano.com,6.6
[Web Svc] Candidate Change to YL API,Unknown,[AWS RDS] YLGlobal integrationuser - SET BY EXTENSIONS,Connection,CONNECTION,officialboomi-X3979C-dbv2da-prod,[AWS RDS] YLGlobal integrationuser - SET BY EXTENSIONS,N/A,N/A,c648c6f4-408d-4f6d-9640-5de3cc420c8e,e994923b-34fe-4e3c-9d6e-5d586bccfe52,2025-06-02T20:44:39Z,andy.strubhar@argano.com,6.6
[Web Svc] Candidate Change to YL API,Unknown,[YLGlobal] Integrations.CandidateSync INSERT,connector-action,OPERATION,operation_type,Unknown,officialboomi-X3979C-dbv2da-prod,[YLGlobal] Integrations.CandidateSync INSERT,c648c6f4-408d-4f6d-9640-5de3cc420c8e,e994923b-34fe-4e3c-9d6e-5d586bccfe52,2025-06-02T20:44:39Z,andy.strubhar@argano.com,6.6
[Web Svc] Candidate Change to YL API,Unknown,[Ataccama] MDM REST Connection - SET BY EXTENSIONS,Connection,CONNECTION,http,[Ataccama] MDM REST Connection - SET BY EXTENSIONS,N/A,N/A,c648c6f4-408d-4f6d-9640-5de3cc420c8e,e994923b-34fe-4e3c-9d6e-5d586bccfe52,2025-06-02T20:44:39Z,andy.strubhar@argano.com,6.6
[Web Svc] Candidate Change to YL API,Unknown,[YL API] Young Life API - SET BY EXTENSIONS,Connection,CONNECTION,http,[YL API] Young Life API - SET BY EXTENSIONS,N/A,N/A,c648c6f4-408d-4f6d-9640-5de3cc420c8e,e994923b-34fe-4e3c-9d6e-5d586bccfe52,2025-06-02T20:44:39Z,andy.strubhar@argano.com,6.6
[sub] Send Error Messages,Unknown,[AWS SES] Outbound Mail Connection,Connection,CONNECTION,mailsdk,[AWS SES] Outbound Mail Connection,N/A,N/A,eae4514e-7670-45d9-8657-8a4f486c20e6,e994923b-34fe-4e3c-9d6e-5d586bccfe52,2025-02-12T16:23:17Z,andy.strubhar@argano.com,5.0
[sub] Send Error Messages,Unknown,[IMAP Mail] Send Email without Attachment,connector-action,OPERATION,operation_type,Unknown,mailsdk,[IMAP Mail] Send Email without Attachment,eae4514e-7670-45d9-8657-8a4f486c20e6,e994923b-34fe-4e3c-9d6e-5d586bccfe52,2025-02-12T16:23:17Z,andy.strubhar@argano.com,5.0
[sub] Send Error Messages,Unknown,[IMAP Mail] Send Error Email Notification,connector-action,OPERATION,operation_type,Unknown,mailsdk,[IMAP Mail] Send Error Email Notification,eae4514e-7670-45d9-8657-8a4f486c20e6,e994923b-34fe-4e3c-9d6e-5d586bccfe52,2025-02-12T16:23:17Z,andy.strubhar@argano.com,5.0
[Main] TazWorks RSI Order Event Received,Unknown,[Salesforce] LMPrivateDetail__c UPDATE,connector-action,OPERATION,operation_type,Unknown,salesforce,[Salesforce] LMPrivateDetail__c UPDATE,7cab08fc-cf7b-4df9-a147-7316bf4f5402,e994923b-34fe-4e3c-9d6e-5d586bccfe52,2024-11-26T16:13:23Z,andy.strubhar@argano.com,1.2
[Main] TazWorks RSI Order Event Received,Unknown,[Salesforce] integrationuser - SET BY EXTENSIONS,Connection,CONNECTION,salesforce,[Salesforce] integrationuser - SET BY EXTENSIONS,N/A,N/A,7cab08fc-cf7b-4df9-a147-7316bf4f5402,e994923b-34fe-4e3c-9d6e-5d586bccfe52,2024-11-26T16:13:23Z,andy.strubhar@argano.com,1.2
[Main] TazWorks RSI Order Event Received,Unknown,[RSI TazWorks] GET JSON Endpoint,connector-action,OPERATION,operation_type,Unknown,http,[RSI TazWorks] GET JSON Endpoint,7cab08fc-cf7b-4df9-a147-7316bf4f5402,e994923b-34fe-4e3c-9d6e-5d586bccfe52,2024-11-26T16:13:23Z,andy.strubhar@argano.com,1.2
[Main] TazWorks RSI Order Event Received,Unknown,TazWorks RSI - SET BY EXTENSIONS,Connection,CONNECTION,http,TazWorks RSI - SET BY EXTENSIONS,N/A,N/A,7cab08fc-cf7b-4df9-a147-7316bf4f5402,e994923b-34fe-4e3c-9d6e-5d586bccfe52,2024-11-26T16:13:23Z,andy.strubhar@argano.com,1.2
[Main] Salesforce Local OptOut to Emma - CommSubscriptionConsent,Unknown,[Emma] Integration User - SET BY EXTENSIONS,Connection,CONNECTION,http,[Emma] Integration User - SET BY EXTENSIONS,N/A,N/A,d0d2b744-db9d-484f-a5cd-1dc4c8ede66d,e994923b-34fe-4e3c-9d6e-5d586bccfe52,2025-08-27T15:18:48Z,andy.strubhar@argano.com,1.5.0
[Main] Salesforce Local OptOut to Emma - CommSubscriptionConsent,Unknown,[Salesforce] integrationuser - SET BY EXTENSIONS,Connection,CONNECTION,salesforce,[Salesforce] integrationuser - SET BY EXTENSIONS,N/A,N/A,d0d2b744-db9d-484f-a5cd-1dc4c8ede66d,e994923b-34fe-4e3c-9d6e-5d586bccfe52,2025-08-27T15:18:48Z,andy.strubhar@argano.com,1.5.0
[Main] Salesforce Local OptOut to Emma - CommSubscriptionConsent,Unknown,[Emma] Set Member Status to OptOut via Email,connector-action,OPERATION,operation_type,Unknown,http,[Emma] Set Member Status to OptOut via Email,d0d2b744-db9d-484f-a5cd-1dc4c8ede66d,e994923b-34fe-4e3c-9d6e-5d586bccfe52,2025-08-27T15:18:48Z,andy.strubhar@argano.com,1.5.0
[Main] Salesforce Local OptOut to Emma - CommSubscriptionConsent,Unknown,[Salesforce] ContactPointEmail QUERY by ID,connector-action,OPERATION,operation_type,Unknown,salesforce,[Salesforce] ContactPointEmail QUERY by ID,d0d2b744-db9d-484f-a5cd-1dc4c8ede66d,e994923b-34fe-4e3c-9d6e-5d586bccfe52,2025-08-27T15:18:48Z,andy.strubhar@argano.com,1.5.0
[Main] Salesforce Local OptOut to Emma - CommSubscriptionConsent,Unknown,"[Salesforce] CommSubscriptionConsent, MissionUnit QUERY Opted Out ",connector-action,OPERATION,operation_type,Unknown,salesforce,"[Salesforce] CommSubscriptionConsent, MissionUnit QUERY Opted Out ",d0d2b744-db9d-484f-a5cd-1dc4c8ede66d,e994923b-34fe-4e3c-9d6e-5d586bccfe52,2025-08-27T15:18:48Z,andy.strubhar@argano.com,1.5.0
[Main] Daily FX Rates,Unknown,Workday Import Currency Conversion Rates,connector-action,OPERATION,operation_type,Unknown,workday,Workday Import Currency Conversion Rates,2b50a7b9-be3e-4989-80e0-11b2ab51ab69,e994923b-34fe-4e3c-9d6e-5d586bccfe52,2025-04-07T16:11:37Z,mamiller@sc.younglife.org,4.2.7
[Main] Daily FX Rates,Unknown,Get Wells Fargo Authorization,connector-action,OPERATION,operation_type,Unknown,http,Get Wells Fargo Authorization,2b50a7b9-be3e-4989-80e0-11b2ab51ab69,e994923b-34fe-4e3c-9d6e-5d586bccfe52,2025-04-07T16:11:37Z,mamiller@sc.younglife.org,4.2.7
[Main] Daily FX Rates,Unknown,Post Wells Fargo Reference Rate Sheets,connector-action,OPERATION,operation_type,Unknown,http,Post Wells Fargo Reference Rate Sheets,2b50a7b9-be3e-4989-80e0-11b2ab51ab69,e994923b-34fe-4e3c-9d6e-5d586bccfe52,2025-04-07T16:11:37Z,mamiller@sc.younglife.org,4.2.7
[Main] Daily FX Rates,Unknown,[Wells Fargo] FX Rate API Production,Connection,CONNECTION,http,[Wells Fargo] FX Rate API Production,N/A,N/A,2b50a7b9-be3e-4989-80e0-11b2ab51ab69,e994923b-34fe-4e3c-9d6e-5d586bccfe52,2025-04-07T16:11:37Z,mamiller@sc.younglife.org,4.2.7
[Main] Daily FX Rates,Unknown,Bulk Update Salesforce Currency Types,connector-action,OPERATION,operation_type,Unknown,salesforce,Bulk Update Salesforce Currency Types,2b50a7b9-be3e-4989-80e0-11b2ab51ab69,e994923b-34fe-4e3c-9d6e-5d586bccfe52,2025-04-07T16:11:37Z,mamiller@sc.younglife.org,4.2.7
[Main] Daily FX Rates,Unknown,Query Salesforce for valid Isocodes and IDs,connector-action,OPERATION,operation_type,Unknown,salesforce,Query Salesforce for valid Isocodes and IDs,2b50a7b9-be3e-4989-80e0-11b2ab51ab69,e994923b-34fe-4e3c-9d6e-5d586bccfe52,2025-04-07T16:11:37Z,mamiller@sc.younglife.org,4.2.7
[Main] Daily FX Rates,Unknown,[Workday] ISU_YL_Integrations - SET BY EXTENSIONS,Connection,CONNECTION,workday,[Workday] ISU_YL_Integrations - SET BY EXTENSIONS,N/A,N/A,2b50a7b9-be3e-4989-80e0-11b2ab51ab69,e994923b-34fe-4e3c-9d6e-5d586bccfe52,2025-04-07T16:11:37Z,mamiller@sc.younglife.org,4.2.7
[Main] Daily FX Rates,Unknown,[Salesforce] integrationuser - SET BY EXTENSIONS,Connection,CONNECTION,salesforce,[Salesforce] integrationuser - SET BY EXTENSIONS,N/A,N/A,2b50a7b9-be3e-4989-80e0-11b2ab51ab69,e994923b-34fe-4e3c-9d6e-5d586bccfe52,2025-04-07T16:11:37Z,mamiller@sc.younglife.org,4.2.7
[Main] Daily FX Rates,Unknown,[Snowflake] INTEGRATION_SERVICE_ACCOUNT - SET BY EXTENSIONS,Connection,CONNECTION,officialboomi-X3979C-snowfl-prod,[Snowflake] INTEGRATION_SERVICE_ACCOUNT - SET BY EXTENSIONS,N/A,N/A,2b50a7b9-be3e-4989-80e0-11b2ab51ab69,e994923b-34fe-4e3c-9d6e-5d586bccfe52,2025-04-07T16:11:37Z,mamiller@sc.younglife.org,4.2.7
[Main] Daily FX Rates,Unknown,Create Wells Fargo Currency Rates in Snowflake,connector-action,OPERATION,operation_type,Unknown,officialboomi-X3979C-snowfl-prod,Create Wells Fargo Currency Rates in Snowflake,2b50a7b9-be3e-4989-80e0-11b2ab51ab69,e994923b-34fe-4e3c-9d6e-5d586bccfe52,2025-04-07T16:11:37Z,mamiller@sc.younglife.org,4.2.7
[Main] Sync Emma Subaccounts to Salesforce,Unknown,[Emma] Get Subaccounts,connector-action,OPERATION,operation_type,Unknown,http,[Emma] Get Subaccounts,09f10f3b-fd1c-4788-ba34-f7a62bb1aa1f,e994923b-34fe-4e3c-9d6e-5d586bccfe52,2025-06-10T18:56:12Z,andy.strubhar@argano.com,2.4
[Main] Sync Emma Subaccounts to Salesforce,Unknown,[Emma] Integration User - SET BY EXTENSIONS,Connection,CONNECTION,http,[Emma] Integration User - SET BY EXTENSIONS,N/A,N/A,09f10f3b-fd1c-4788-ba34-f7a62bb1aa1f,e994923b-34fe-4e3c-9d6e-5d586bccfe52,2025-06-10T18:56:12Z,andy.strubhar@argano.com,2.4
[Main] Sync Emma Subaccounts to Salesforce,Unknown,[Salesforce] integrationuser - SET BY EXTENSIONS,Connection,CONNECTION,salesforce,[Salesforce] integrationuser - SET BY EXTENSIONS,N/A,N/A,09f10f3b-fd1c-4788-ba34-f7a62bb1aa1f,e994923b-34fe-4e3c-9d6e-5d586bccfe52,2025-06-10T18:56:12Z,andy.strubhar@argano.com,2.4
[Main] Sync Emma Subaccounts to Salesforce,Unknown,[Emma] Salesforce MissionUnit__c Update - will null out EmmaAccount_ID,connector-action,OPERATION,operation_type,Unknown,salesforce,[Emma] Salesforce MissionUnit__c Update - will null out EmmaAccount_ID,09f10f3b-fd1c-4788-ba34-f7a62bb1aa1f,e994923b-34fe-4e3c-9d6e-5d586bccfe52,2025-06-10T18:56:12Z,andy.strubhar@argano.com,2.4
[Main] Sync Emma Subaccounts to Salesforce,Unknown,[Salesforce] MissionUnit__c QUERY All,connector-action,OPERATION,operation_type,Unknown,salesforce,[Salesforce] MissionUnit__c QUERY All,09f10f3b-fd1c-4788-ba34-f7a62bb1aa1f,e994923b-34fe-4e3c-9d6e-5d586bccfe52,2025-06-10T18:56:12Z,andy.strubhar@argano.com,2.4
[Main] Responsible Party Manager,Unknown,[Salesforce] Responsible_Parties__c DELETE,connector-action,OPERATION,operation_type,Unknown,salesforce,[Salesforce] Responsible_Parties__c DELETE,23b074ba-9215-481a-80ec-f43a44205009,e994923b-34fe-4e3c-9d6e-5d586bccfe52,2025-01-21T22:12:40Z,andy.strubhar@argano.com,3.6
[Main] Responsible Party Manager,Unknown,[Salesforce] Responsible_Parties__c CREATE,connector-action,OPERATION,operation_type,Unknown,salesforce,[Salesforce] Responsible_Parties__c CREATE,23b074ba-9215-481a-80ec-f43a44205009,e994923b-34fe-4e3c-9d6e-5d586bccfe52,2025-01-21T22:12:40Z,andy.strubhar@argano.com,3.6
[Main] Responsible Party Manager,Unknown,[YLGlobal] Salesforce.Responsible_Parties__c UPSERT,connector-action,OPERATION,operation_type,Unknown,officialboomi-X3979C-dbv2da-prod,[YLGlobal] Salesforce.Responsible_Parties__c UPSERT,23b074ba-9215-481a-80ec-f43a44205009,e994923b-34fe-4e3c-9d6e-5d586bccfe52,2025-01-21T22:12:40Z,andy.strubhar@argano.com,3.6
[Main] Responsible Party Manager,Unknown,[YLGlobal] Salesforce.Responsible_Parties__c DELETE Request,connector-action,OPERATION,operation_type,Unknown,officialboomi-X3979C-dbv2da-prod,[YLGlobal] Salesforce.Responsible_Parties__c DELETE Request,23b074ba-9215-481a-80ec-f43a44205009,e994923b-34fe-4e3c-9d6e-5d586bccfe52,2025-01-21T22:12:40Z,andy.strubhar@argano.com,3.6
[Main] Responsible Party Manager,Unknown,[YLGlobal] Salesforce.v_RPsToDelete QUERY,connector-action,OPERATION,operation_type,Unknown,officialboomi-X3979C-dbv2da-prod,[YLGlobal] Salesforce.v_RPsToDelete QUERY,23b074ba-9215-481a-80ec-f43a44205009,e994923b-34fe-4e3c-9d6e-5d586bccfe52,2025-01-21T22:12:40Z,andy.strubhar@argano.com,3.6
[Main] Responsible Party Manager,Unknown,[AWS RDS] YLGlobal integrationuser - SET BY EXTENSIONS,Connection,CONNECTION,officialboomi-X3979C-dbv2da-prod,[AWS RDS] YLGlobal integrationuser - SET BY EXTENSIONS,N/A,N/A,23b074ba-9215-481a-80ec-f43a44205009,e994923b-34fe-4e3c-9d6e-5d586bccfe52,2025-01-21T22:12:40Z,andy.strubhar@argano.com,3.6
[Main] Responsible Party Manager,Unknown,[Salesforce] Responsible_Parties__c QUERY by SystemModstamp,connector-action,OPERATION,operation_type,Unknown,salesforce,[Salesforce] Responsible_Parties__c QUERY by SystemModstamp,23b074ba-9215-481a-80ec-f43a44205009,e994923b-34fe-4e3c-9d6e-5d586bccfe52,2025-01-21T22:12:40Z,andy.strubhar@argano.com,3.6
[Main] Responsible Party Manager,Unknown,[YLGlobal] Salesforce.MissionUnit__c DELETE,connector-action,OPERATION,operation_type,Unknown,officialboomi-X3979C-dbv2da-prod,[YLGlobal] Salesforce.MissionUnit__c DELETE,23b074ba-9215-481a-80ec-f43a44205009,e994923b-34fe-4e3c-9d6e-5d586bccfe52,2025-01-21T22:12:40Z,andy.strubhar@argano.com,3.6
[Main] Responsible Party Manager,Unknown,[Salesforce] integrationuser - SET BY EXTENSIONS,Connection,CONNECTION,salesforce,[Salesforce] integrationuser - SET BY EXTENSIONS,N/A,N/A,23b074ba-9215-481a-80ec-f43a44205009,e994923b-34fe-4e3c-9d6e-5d586bccfe52,2025-01-21T22:12:40Z,andy.strubhar@argano.com,3.6
[Main] Responsible Party Manager,Unknown,[YLGlobal] Salesforce.v_RPsToInsert QUERY,connector-action,OPERATION,operation_type,Unknown,officialboomi-X3979C-dbv2da-prod,[YLGlobal] Salesforce.v_RPsToInsert QUERY,23b074ba-9215-481a-80ec-f43a44205009,e994923b-34fe-4e3c-9d6e-5d586bccfe52,2025-01-21T22:12:40Z,andy.strubhar@argano.com,3.6
[Main] Responsible Party Manager,Unknown,[YLGlobal] Salesforce.MissionUnit__c UPSERT,connector-action,OPERATION,operation_type,Unknown,officialboomi-X3979C-dbv2da-prod,[YLGlobal] Salesforce.MissionUnit__c UPSERT,23b074ba-9215-481a-80ec-f43a44205009,e994923b-34fe-4e3c-9d6e-5d586bccfe52,2025-01-21T22:12:40Z,andy.strubhar@argano.com,3.6
[Main] Responsible Party Manager,Unknown,[Salesforce] MissionUnit__c QUERY by SystemModstamp,connector-action,OPERATION,operation_type,Unknown,salesforce,[Salesforce] MissionUnit__c QUERY by SystemModstamp,23b074ba-9215-481a-80ec-f43a44205009,e994923b-34fe-4e3c-9d6e-5d586bccfe52,2025-01-21T22:12:40Z,andy.strubhar@argano.com,3.6
[Main] Responsible Party Manager,Unknown,[Salesforce] User QUERY by SystemModstamp,connector-action,OPERATION,operation_type,Unknown,salesforce,[Salesforce] User QUERY by SystemModstamp,23b074ba-9215-481a-80ec-f43a44205009,e994923b-34fe-4e3c-9d6e-5d586bccfe52,2025-01-21T22:12:40Z,andy.strubhar@argano.com,3.6
[Main] Responsible Party Manager,Unknown,[YLGlobal] Salesforce.SFUser UPSERT,connector-action,OPERATION,operation_type,Unknown,officialboomi-X3979C-dbv2da-prod,[YLGlobal] Salesforce.SFUser UPSERT,23b074ba-9215-481a-80ec-f43a44205009,e994923b-34fe-4e3c-9d6e-5d586bccfe52,2025-01-21T22:12:40Z,andy.strubhar@argano.com,3.6
[Main] CDS to SF Processing,Unknown,[CDS] SFTP Connection - DO NOT DEPLOY,Connection,CONNECTION,officialboomi-X3979C-sftpv2-prod,[CDS] SFTP Connection - DO NOT DEPLOY,N/A,N/A,7219a909-0fc5-4912-b602-f2c601fa59a9,e994923b-34fe-4e3c-9d6e-5d586bccfe52,2024-10-18T20:44:28Z,andy.strubhar@argano.com,3.7
[Main] CDS to SF Processing,Unknown,[Salesforce] CDS_Data_Import__c CREATE,connector-action,OPERATION,operation_type,Unknown,salesforce,[Salesforce] CDS_Data_Import__c CREATE,7219a909-0fc5-4912-b602-f2c601fa59a9,e994923b-34fe-4e3c-9d6e-5d586bccfe52,2024-10-18T20:44:28Z,andy.strubhar@argano.com,3.7
[Main] CDS to SF Processing,Unknown,[Salesforce] Send SOQL Query,connector-action,OPERATION,operation_type,Unknown,salesforce,[Salesforce] Send SOQL Query,7219a909-0fc5-4912-b602-f2c601fa59a9,e994923b-34fe-4e3c-9d6e-5d586bccfe52,2024-10-18T20:44:28Z,andy.strubhar@argano.com,3.7
[Main] CDS to SF Processing,Unknown,[SFTP V2] Delete File,connector-action,OPERATION,operation_type,Unknown,officialboomi-X3979C-sftpv2-prod,[SFTP V2] Delete File,7219a909-0fc5-4912-b602-f2c601fa59a9,e994923b-34fe-4e3c-9d6e-5d586bccfe52,2024-10-18T20:44:28Z,andy.strubhar@argano.com,3.7
[Main] CDS to SF Processing,Unknown,"[SFTP V2] Get Specific Files, Do Not Delete",connector-action,OPERATION,operation_type,Unknown,officialboomi-X3979C-sftpv2-prod,"[SFTP V2] Get Specific Files, Do Not Delete",7219a909-0fc5-4912-b602-f2c601fa59a9,e994923b-34fe-4e3c-9d6e-5d586bccfe52,2024-10-18T20:44:28Z,andy.strubhar@argano.com,3.7
[Main] CDS to SF Processing,Unknown,[SFTP V2] List File Names by Wildcard,connector-action,OPERATION,operation_type,Unknown,officialboomi-X3979C-sftpv2-prod,[SFTP V2] List File Names by Wildcard,7219a909-0fc5-4912-b602-f2c601fa59a9,e994923b-34fe-4e3c-9d6e-5d586bccfe52,2024-10-18T20:44:28Z,andy.strubhar@argano.com,3.7
[Main] CDS to SF Processing,Unknown,[SFTP V2] Create File (Overwrite if Exists),connector-action,OPERATION,operation_type,Unknown,officialboomi-X3979C-sftpv2-prod,[SFTP V2] Create File (Overwrite if Exists),7219a909-0fc5-4912-b602-f2c601fa59a9,e994923b-34fe-4e3c-9d6e-5d586bccfe52,2024-10-18T20:44:28Z,andy.strubhar@argano.com,3.7
[Main] CDS to SF Processing,Unknown,[Salesforce] Account Query - Predgemaker_Prospect_Id,connector-action,OPERATION,operation_type,Unknown,salesforce,[Salesforce] Account Query - Predgemaker_Prospect_Id,7219a909-0fc5-4912-b602-f2c601fa59a9,e994923b-34fe-4e3c-9d6e-5d586bccfe52,2024-10-18T20:44:28Z,andy.strubhar@argano.com,3.7
[Main] CDS to SF Processing,Unknown,[OLD TSYS] Card Tokenization,connector-action,OPERATION,operation_type,Unknown,http,[OLD TSYS] Card Tokenization,7219a909-0fc5-4912-b602-f2c601fa59a9,e994923b-34fe-4e3c-9d6e-5d586bccfe52,2024-10-18T20:44:28Z,andy.strubhar@argano.com,3.7
[Main] CDS to SF Processing,Unknown,[OLD TSYS] Account Verification,connector-action,OPERATION,operation_type,Unknown,http,[OLD TSYS] Account Verification,7219a909-0fc5-4912-b602-f2c601fa59a9,e994923b-34fe-4e3c-9d6e-5d586bccfe52,2024-10-18T20:44:28Z,andy.strubhar@argano.com,3.7
[Main] CDS to SF Processing,Unknown,[Salesforce] integrationuser - SET BY EXTENSIONS,Connection,CONNECTION,salesforce,[Salesforce] integrationuser - SET BY EXTENSIONS,N/A,N/A,7219a909-0fc5-4912-b602-f2c601fa59a9,e994923b-34fe-4e3c-9d6e-5d586bccfe52,2024-10-18T20:44:28Z,andy.strubhar@argano.com,3.7
[Main] CDS to SF Processing,Unknown,[OLD TSYS] TransFirst,Connection,CONNECTION,http,[OLD TSYS] TransFirst,N/A,N/A,7219a909-0fc5-4912-b602-f2c601fa59a9,e994923b-34fe-4e3c-9d6e-5d586bccfe52,2024-10-18T20:44:28Z,andy.strubhar@argano.com,3.7
[Main] CDS to SF Processing,Unknown,[Salesforce] Contact Query - Pledgemaker_Prospect_Id OR Contact_ID,connector-action,OPERATION,operation_type,Unknown,salesforce,[Salesforce] Contact Query - Pledgemaker_Prospect_Id OR Contact_ID,7219a909-0fc5-4912-b602-f2c601fa59a9,e994923b-34fe-4e3c-9d6e-5d586bccfe52,2024-10-18T20:44:28Z,andy.strubhar@argano.com,3.7
[Main] WCX Registrants Catchup,Unknown,[WCX] POST Query,connector-action,OPERATION,operation_type,Unknown,http,[WCX] POST Query,a80dd69a-0fd6-428c-bd52-abf4885c2da4,e994923b-34fe-4e3c-9d6e-5d586bccfe52,2025-03-24T14:58:36Z,andy.strubhar@argano.com,2.1.1
[Main] WCX Registrants Catchup,Unknown,[WCX] Webconnex API,Connection,CONNECTION,http,[WCX] Webconnex API,N/A,N/A,a80dd69a-0fd6-428c-bd52-abf4885c2da4,e994923b-34fe-4e3c-9d6e-5d586bccfe52,2025-03-24T14:58:36Z,andy.strubhar@argano.com,2.1.1
[Main] WCX Registrants Catchup,Unknown,[Snowflake] INTEGRATION_SERVICE_ACCOUNT - SET BY EXTENSIONS,Connection,CONNECTION,officialboomi-X3979C-snowfl-prod,[Snowflake] INTEGRATION_SERVICE_ACCOUNT - SET BY EXTENSIONS,N/A,N/A,a80dd69a-0fd6-428c-bd52-abf4885c2da4,e994923b-34fe-4e3c-9d6e-5d586bccfe52,2025-03-24T14:58:36Z,andy.strubhar@argano.com,2.1.1
[Main] WCX Registrants Catchup,Unknown,[Snowflake] Query WCX_API_RECORDS by Object ID,connector-action,OPERATION,operation_type,Unknown,officialboomi-X3979C-snowfl-prod,[Snowflake] Query WCX_API_RECORDS by Object ID,a80dd69a-0fd6-428c-bd52-abf4885c2da4,e994923b-34fe-4e3c-9d6e-5d586bccfe52,2025-03-24T14:58:36Z,andy.strubhar@argano.com,2.1.1
_Master Locations and Devices,Unknown,ListDeviceCodes_HTTP,connector-action,OPERATION,operation_type,Unknown,http,ListDeviceCodes_HTTP,0165cbb3-525e-4e35-b111-f42555435483,e994923b-34fe-4e3c-9d6e-5d586bccfe52,2025-08-28T19:58:06Z,jvasek@sc.younglife.org,25.08.28A
_Master Locations and Devices,Unknown,Get_Start_&_End_Date,connector-action,OPERATION,operation_type,Unknown,database,Get_Start_&_End_Date,0165cbb3-525e-4e35-b111-f42555435483,e994923b-34fe-4e3c-9d6e-5d586bccfe52,2025-08-28T19:58:06Z,jvasek@sc.younglife.org,25.08.28A
_Master Locations and Devices,Unknown,[Square] Square API,Connection,CONNECTION,http,[Square] Square API,N/A,N/A,0165cbb3-525e-4e35-b111-f42555435483,e994923b-34fe-4e3c-9d6e-5d586bccfe52,2025-08-28T19:58:06Z,jvasek@sc.younglife.org,25.08.28A
_Master Locations and Devices,Unknown,ListLocations_HTTP,connector-action,OPERATION,operation_type,Unknown,http,ListLocations_HTTP,0165cbb3-525e-4e35-b111-f42555435483,e994923b-34fe-4e3c-9d6e-5d586bccfe52,2025-08-28T19:58:06Z,jvasek@sc.younglife.org,25.08.28A
_Master Locations and Devices,Unknown,GetAuthHeaders,connector-action,OPERATION,operation_type,Unknown,database,GetAuthHeaders,0165cbb3-525e-4e35-b111-f42555435483,e994923b-34fe-4e3c-9d6e-5d586bccfe52,2025-08-28T19:58:06Z,jvasek@sc.younglife.org,25.08.28A
_Master Locations and Devices,Unknown,Insert Into Devices Table,connector-action,OPERATION,operation_type,Unknown,database,Insert Into Devices Table,0165cbb3-525e-4e35-b111-f42555435483,e994923b-34fe-4e3c-9d6e-5d586bccfe52,2025-08-28T19:58:06Z,jvasek@sc.younglife.org,25.08.28A
_Master Locations and Devices,Unknown,Write Locations to DB,connector-action,OPERATION,operation_type,Unknown,database,Write Locations to DB,0165cbb3-525e-4e35-b111-f42555435483,e994923b-34fe-4e3c-9d6e-5d586bccfe52,2025-08-28T19:58:06Z,jvasek@sc.younglife.org,25.08.28A
_Master Locations and Devices,Unknown,[AWS SES] Outbound Mail Connection,Connection,CONNECTION,mailsdk,[AWS SES] Outbound Mail Connection,N/A,N/A,0165cbb3-525e-4e35-b111-f42555435483,e994923b-34fe-4e3c-9d6e-5d586bccfe52,2025-08-28T19:58:06Z,jvasek@sc.younglife.org,25.08.28A
_Master Locations and Devices,Unknown,IntSql02.CampStats,Connection,CONNECTION,database,IntSql02.CampStats,N/A,N/A,0165cbb3-525e-4e35-b111-f42555435483,e994923b-34fe-4e3c-9d6e-5d586bccfe52,2025-08-28T19:58:06Z,jvasek@sc.younglife.org,25.08.28A
_Master Locations and Devices,Unknown,Locations/DevicesEmail,connector-action,OPERATION,operation_type,Unknown,mailsdk,Locations/DevicesEmail,0165cbb3-525e-4e35-b111-f42555435483,e994923b-34fe-4e3c-9d6e-5d586bccfe52,2025-08-28T19:58:06Z,jvasek@sc.younglife.org,25.08.28A
_API Master Control,Unknown,GetPayment_HTTP,connector-action,OPERATION,operation_type,Unknown,http,GetPayment_HTTP,2bbf44bf-c1d7-4527-b35f-14fe60165b0f,e994923b-34fe-4e3c-9d6e-5d586bccfe52,2025-06-24T18:16:01Z,jvasek@sc.younglife.org,25.06.24A
_API Master Control,Unknown,Get_Missing ID,connector-action,OPERATION,operation_type,Unknown,database,Get_Missing ID,2bbf44bf-c1d7-4527-b35f-14fe60165b0f,e994923b-34fe-4e3c-9d6e-5d586bccfe52,2025-06-24T18:16:01Z,jvasek@sc.younglife.org,25.06.24A
_API Master Control,Unknown,SearchOrders_Cursor,connector-action,OPERATION,operation_type,Unknown,http,SearchOrders_Cursor,2bbf44bf-c1d7-4527-b35f-14fe60165b0f,e994923b-34fe-4e3c-9d6e-5d586bccfe52,2025-06-24T18:16:01Z,jvasek@sc.younglife.org,25.06.24A
_API Master Control,Unknown,SearchOrders_HTTP,connector-action,OPERATION,operation_type,Unknown,http,SearchOrders_HTTP,2bbf44bf-c1d7-4527-b35f-14fe60165b0f,e994923b-34fe-4e3c-9d6e-5d586bccfe52,2025-06-24T18:16:01Z,jvasek@sc.younglife.org,25.06.24A
_API Master Control,Unknown,RetrieveOrder_HTTP,connector-action,OPERATION,operation_type,Unknown,http,RetrieveOrder_HTTP,2bbf44bf-c1d7-4527-b35f-14fe60165b0f,e994923b-34fe-4e3c-9d6e-5d586bccfe52,2025-06-24T18:16:01Z,jvasek@sc.younglife.org,25.06.24A
_API Master Control,Unknown,Get Locations and AuthHeader,connector-action,OPERATION,operation_type,Unknown,database,Get Locations and AuthHeader,2bbf44bf-c1d7-4527-b35f-14fe60165b0f,e994923b-34fe-4e3c-9d6e-5d586bccfe52,2025-06-24T18:16:01Z,jvasek@sc.younglife.org,25.06.24A
_API Master Control,Unknown,ListPaymentRefunds_HTTP,connector-action,OPERATION,operation_type,Unknown,http,ListPaymentRefunds_HTTP,2bbf44bf-c1d7-4527-b35f-14fe60165b0f,e994923b-34fe-4e3c-9d6e-5d586bccfe52,2025-06-24T18:16:01Z,jvasek@sc.younglife.org,25.06.24A
_API Master Control,Unknown,Get_Start_&_End_Date,connector-action,OPERATION,operation_type,Unknown,database,Get_Start_&_End_Date,2bbf44bf-c1d7-4527-b35f-14fe60165b0f,e994923b-34fe-4e3c-9d6e-5d586bccfe52,2025-06-24T18:16:01Z,jvasek@sc.younglife.org,25.06.24A
_API Master Control,Unknown,[Square] Square API,Connection,CONNECTION,http,[Square] Square API,N/A,N/A,2bbf44bf-c1d7-4527-b35f-14fe60165b0f,e994923b-34fe-4e3c-9d6e-5d586bccfe52,2025-06-24T18:16:01Z,jvasek@sc.younglife.org,25.06.24A
_API Master Control,Unknown,ListGiftCardActivities_HTTP,connector-action,OPERATION,operation_type,Unknown,http,ListGiftCardActivities_HTTP,2bbf44bf-c1d7-4527-b35f-14fe60165b0f,e994923b-34fe-4e3c-9d6e-5d586bccfe52,2025-06-24T18:16:01Z,jvasek@sc.younglife.org,25.06.24A
_API Master Control,Unknown,DataCleanse,connector-action,OPERATION,operation_type,Unknown,database,DataCleanse,2bbf44bf-c1d7-4527-b35f-14fe60165b0f,e994923b-34fe-4e3c-9d6e-5d586bccfe52,2025-06-24T18:16:01Z,jvasek@sc.younglife.org,25.06.24A
_API Master Control,Unknown,Merge - Payments ,connector-action,OPERATION,operation_type,Unknown,database,Merge - Payments ,2bbf44bf-c1d7-4527-b35f-14fe60165b0f,e994923b-34fe-4e3c-9d6e-5d586bccfe52,2025-06-24T18:16:01Z,jvasek@sc.younglife.org,25.06.24A
_API Master Control,Unknown,Merge - Orders,connector-action,OPERATION,operation_type,Unknown,database,Merge - Orders,2bbf44bf-c1d7-4527-b35f-14fe60165b0f,e994923b-34fe-4e3c-9d6e-5d586bccfe52,2025-06-24T18:16:01Z,jvasek@sc.younglife.org,25.06.24A
_API Master Control,Unknown,Merge - Refunds,connector-action,OPERATION,operation_type,Unknown,database,Merge - Refunds,2bbf44bf-c1d7-4527-b35f-14fe60165b0f,e994923b-34fe-4e3c-9d6e-5d586bccfe52,2025-06-24T18:16:01Z,jvasek@sc.younglife.org,25.06.24A
_API Master Control,Unknown,Merge - GC Activities,connector-action,OPERATION,operation_type,Unknown,database,Merge - GC Activities,2bbf44bf-c1d7-4527-b35f-14fe60165b0f,e994923b-34fe-4e3c-9d6e-5d586bccfe52,2025-06-24T18:16:01Z,jvasek@sc.younglife.org,25.06.24A
_API Master Control,Unknown,Search_For_Updated_Orders_HTTP,connector-action,OPERATION,operation_type,Unknown,http,Search_For_Updated_Orders_HTTP,2bbf44bf-c1d7-4527-b35f-14fe60165b0f,e994923b-34fe-4e3c-9d6e-5d586bccfe52,2025-06-24T18:16:01Z,jvasek@sc.younglife.org,25.06.24A
_API Master Control,Unknown,Search_For_Updated_Orders_Cursor,connector-action,OPERATION,operation_type,Unknown,http,Search_For_Updated_Orders_Cursor,2bbf44bf-c1d7-4527-b35f-14fe60165b0f,e994923b-34fe-4e3c-9d6e-5d586bccfe52,2025-06-24T18:16:01Z,jvasek@sc.younglife.org,25.06.24A
_API Master Control,Unknown,ListPayments_HTTP,connector-action,OPERATION,operation_type,Unknown,http,ListPayments_HTTP,2bbf44bf-c1d7-4527-b35f-14fe60165b0f,e994923b-34fe-4e3c-9d6e-5d586bccfe52,2025-06-24T18:16:01Z,jvasek@sc.younglife.org,25.06.24A
_API Master Control,Unknown,IntSql02.CampStats,Connection,CONNECTION,database,IntSql02.CampStats,N/A,N/A,2bbf44bf-c1d7-4527-b35f-14fe60165b0f,e994923b-34fe-4e3c-9d6e-5d586bccfe52,2025-06-24T18:16:01Z,jvasek@sc.younglife.org,25.06.24A
[Web Svc] Moodle Course Completion to Salesforce,Unknown,[AWS RDS] YLGlobal integrationuser - SET BY EXTENSIONS,Connection,CONNECTION,officialboomi-X3979C-dbv2da-prod,[AWS RDS] YLGlobal integrationuser - SET BY EXTENSIONS,N/A,N/A,123b7390-a463-4f09-80d4-ee6d6e462e21,e994923b-34fe-4e3c-9d6e-5d586bccfe52,2025-01-16T21:54:19Z,andy.strubhar@argano.com,5.4
[Web Svc] Moodle Course Completion to Salesforce,Unknown,[Salesforce] integrationuser - SET BY EXTENSIONS,Connection,CONNECTION,salesforce,[Salesforce] integrationuser - SET BY EXTENSIONS,N/A,N/A,123b7390-a463-4f09-80d4-ee6d6e462e21,e994923b-34fe-4e3c-9d6e-5d586bccfe52,2025-01-16T21:54:19Z,andy.strubhar@argano.com,5.4
[Web Svc] Moodle Course Completion to Salesforce,Unknown,[Web Svc] Moodle Course Completion Listener,connector-action,OPERATION,operation_type,Unknown,wss,[Web Svc] Moodle Course Completion Listener,123b7390-a463-4f09-80d4-ee6d6e462e21,e994923b-34fe-4e3c-9d6e-5d586bccfe52,2025-01-16T21:54:19Z,andy.strubhar@argano.com,5.4
[Web Svc] Moodle Course Completion to Salesforce,Unknown,[YLGlobal] MoodleCourseCompletionToSalesforceSync CREATE,connector-action,OPERATION,operation_type,Unknown,officialboomi-X3979C-dbv2da-prod,[YLGlobal] MoodleCourseCompletionToSalesforceSync CREATE,123b7390-a463-4f09-80d4-ee6d6e462e21,e994923b-34fe-4e3c-9d6e-5d586bccfe52,2025-01-16T21:54:19Z,andy.strubhar@argano.com,5.4
[Web Svc] Moodle Course Completion to Salesforce,Unknown,[Salesforce] LMPrivateDetail__c UPDATE,connector-action,OPERATION,operation_type,Unknown,salesforce,[Salesforce] LMPrivateDetail__c UPDATE,123b7390-a463-4f09-80d4-ee6d6e462e21,e994923b-34fe-4e3c-9d6e-5d586bccfe52,2025-01-16T21:54:19Z,andy.strubhar@argano.com,5.4
[Web Svc] Moodle Course Completion to Salesforce,Unknown,[Salesforce] LM Tracker QUERY,connector-action,OPERATION,operation_type,Unknown,salesforce,[Salesforce] LM Tracker QUERY,123b7390-a463-4f09-80d4-ee6d6e462e21,e994923b-34fe-4e3c-9d6e-5d586bccfe52,2025-01-16T21:54:19Z,andy.strubhar@argano.com,5.4
[Web Svc] CDS to SF Processing,Unknown,[WSS] Execute CDS to SF ETL,connector-action,OPERATION,operation_type,Unknown,wss,[WSS] Execute CDS to SF ETL,f707e87a-2bf8-40ce-90b2-0afdf484df62,e994923b-34fe-4e3c-9d6e-5d586bccfe52,2024-08-26T16:25:07Z,andy.strubhar@argano.com,1.0
[sub] Write WCX Record to Snowflake Reporting Table,Unknown,[Snowflake] INTEGRATION_SERVICE_ACCOUNT - SET BY EXTENSIONS,Connection,CONNECTION,officialboomi-X3979C-snowfl-prod,[Snowflake] INTEGRATION_SERVICE_ACCOUNT - SET BY EXTENSIONS,N/A,N/A,59e1c307-5d64-4ea6-80bf-e38d6169a785,e994923b-34fe-4e3c-9d6e-5d586bccfe52,2025-09-17T15:07:18Z,andy.strubhar@argano.com,1.1.0
[sub] Write WCX Record to Snowflake Reporting Table,Unknown,[Snowflake] WCX_API_RECORDS CREATE,connector-action,OPERATION,operation_type,Unknown,officialboomi-X3979C-snowfl-prod,[Snowflake] WCX_API_RECORDS CREATE,59e1c307-5d64-4ea6-80bf-e38d6169a785,e994923b-34fe-4e3c-9d6e-5d586bccfe52,2025-09-17T15:07:18Z,andy.strubhar@argano.com,1.1.0
[sub] Write WCX Record to Snowflake Reporting Table,Unknown,[Snowflake] WCX_API_RECORDS_TEST CREATE,connector-action,OPERATION,operation_type,Unknown,officialboomi-X3979C-snowfl-prod,[Snowflake] WCX_API_RECORDS_TEST CREATE,59e1c307-5d64-4ea6-80bf-e38d6169a785,e994923b-34fe-4e3c-9d6e-5d586bccfe52,2025-09-17T15:07:18Z,andy.strubhar@argano.com,1.1.0
[Main] HC Form Status to SF Status,Unknown,"[Salesforce] CampaignMembers, Campaigns by CampaignID QUERY",connector-action,OPERATION,operation_type,Unknown,salesforce,"[Salesforce] CampaignMembers, Campaigns by CampaignID QUERY",876c2d80-b452-48a4-bd7c-9fa6686089ea,e994923b-34fe-4e3c-9d6e-5d586bccfe52,2025-05-01T18:54:27Z,andy.strubhar@argano.com,4.0
[Main] HC Form Status to SF Status,Unknown,[Salesforce] CampaignMember UPDATE,connector-action,OPERATION,operation_type,Unknown,salesforce,[Salesforce] CampaignMember UPDATE,876c2d80-b452-48a4-bd7c-9fa6686089ea,e994923b-34fe-4e3c-9d6e-5d586bccfe52,2025-05-01T18:54:27Z,andy.strubhar@argano.com,4.0
[Main] HC Form Status to SF Status,Unknown,[AWS RDS] YLGlobal integrationuser - SET BY EXTENSIONS,Connection,CONNECTION,officialboomi-X3979C-dbv2da-prod,[AWS RDS] YLGlobal integrationuser - SET BY EXTENSIONS,N/A,N/A,876c2d80-b452-48a4-bd7c-9fa6686089ea,e994923b-34fe-4e3c-9d6e-5d586bccfe52,2025-05-01T18:54:27Z,andy.strubhar@argano.com,4.0
[Main] HC Form Status to SF Status,Unknown,[YLGlobal] HCForms QUERY,connector-action,OPERATION,operation_type,Unknown,officialboomi-X3979C-dbv2da-prod,[YLGlobal] HCForms QUERY,876c2d80-b452-48a4-bd7c-9fa6686089ea,e994923b-34fe-4e3c-9d6e-5d586bccfe52,2025-05-01T18:54:27Z,andy.strubhar@argano.com,4.0
[Main] HC Form Status to SF Status,Unknown,[Salesforce] integrationuser - SET BY EXTENSIONS,Connection,CONNECTION,salesforce,[Salesforce] integrationuser - SET BY EXTENSIONS,N/A,N/A,876c2d80-b452-48a4-bd7c-9fa6686089ea,e994923b-34fe-4e3c-9d6e-5d586bccfe52,2025-05-01T18:54:27Z,andy.strubhar@argano.com,4.0
[Main] HC Form Status to SF Status,Unknown,"[OLD][Salesforce] Campaign, CampaignDetail, CampMissionUnit By StartDate and RecordTypeId QUERY",connector-action,OPERATION,operation_type,Unknown,salesforce,"[OLD][Salesforce] Campaign, CampaignDetail, CampMissionUnit By StartDate and RecordTypeId QUERY",876c2d80-b452-48a4-bd7c-9fa6686089ea,e994923b-34fe-4e3c-9d6e-5d586bccfe52,2025-05-01T18:54:27Z,andy.strubhar@argano.com,4.0
[Main] HC Form Status to SF Status,Unknown,"[NEW][Salesforce] Campaign, CampaignDetail, CampMissionUnit By StartDate and RecordTypeId QUERY",connector-action,OPERATION,operation_type,Unknown,salesforce,"[NEW][Salesforce] Campaign, CampaignDetail, CampMissionUnit By StartDate and RecordTypeId QUERY",876c2d80-b452-48a4-bd7c-9fa6686089ea,e994923b-34fe-4e3c-9d6e-5d586bccfe52,2025-05-01T18:54:27Z,andy.strubhar@argano.com,4.0
[WebSvc] DQ Order Requested Event Listener,Unknown,DQ Order Requested,connector-action,OPERATION,operation_type,Unknown,sfpe,DQ Order Requested,fe9b2438-7878-4eaf-9460-11211e5148d0,e994923b-34fe-4e3c-9d6e-5d586bccfe52,2025-01-07T20:09:35Z,andy.strubhar@argano.com,5.5
[WebSvc] DQ Order Requested Event Listener,Unknown,Salesforce Platform Events Connection,Connection,CONNECTION,sfpe,Salesforce Platform Events Connection,N/A,N/A,fe9b2438-7878-4eaf-9460-11211e5148d0,e994923b-34fe-4e3c-9d6e-5d586bccfe52,2025-01-07T20:09:35Z,andy.strubhar@argano.com,5.5
[Main] Create WCX Account from New Mission Unit,Unknown,[WQL] POST Access Token Request,connector-action,OPERATION,operation_type,Unknown,http,[WQL] POST Access Token Request,e7413d51-e4f5-4ade-a086-cb2aa32a2b6f,e994923b-34fe-4e3c-9d6e-5d586bccfe52,2025-09-29T20:38:05Z,andy.strubhar@argano.com,2.3.0
[Main] Create WCX Account from New Mission Unit,Unknown,[WQL] POST Custom Query,connector-action,OPERATION,operation_type,Unknown,http,[WQL] POST Custom Query,e7413d51-e4f5-4ade-a086-cb2aa32a2b6f,e994923b-34fe-4e3c-9d6e-5d586bccfe52,2025-09-29T20:38:05Z,andy.strubhar@argano.com,2.3.0
[Main] Create WCX Account from New Mission Unit,Unknown,[AWS RDS] YLGlobal integrationuser - SET BY EXTENSIONS,Connection,CONNECTION,officialboomi-X3979C-dbv2da-prod,[AWS RDS] YLGlobal integrationuser - SET BY EXTENSIONS,N/A,N/A,e7413d51-e4f5-4ade-a086-cb2aa32a2b6f,e994923b-34fe-4e3c-9d6e-5d586bccfe52,2025-09-29T20:38:05Z,andy.strubhar@argano.com,2.3.0
[Main] Create WCX Account from New Mission Unit,Unknown,[WCX] Webconnex API,Connection,CONNECTION,http,[WCX] Webconnex API,N/A,N/A,e7413d51-e4f5-4ade-a086-cb2aa32a2b6f,e994923b-34fe-4e3c-9d6e-5d586bccfe52,2025-09-29T20:38:05Z,andy.strubhar@argano.com,2.3.0
[Main] Create WCX Account from New Mission Unit,Unknown,[WCX] GET Request,connector-action,OPERATION,operation_type,Unknown,http,[WCX] GET Request,e7413d51-e4f5-4ade-a086-cb2aa32a2b6f,e994923b-34fe-4e3c-9d6e-5d586bccfe52,2025-09-29T20:38:05Z,andy.strubhar@argano.com,2.3.0
[Main] Create WCX Account from New Mission Unit,Unknown,[WCX] Create Account POST ,connector-action,OPERATION,operation_type,Unknown,http,[WCX] Create Account POST ,e7413d51-e4f5-4ade-a086-cb2aa32a2b6f,e994923b-34fe-4e3c-9d6e-5d586bccfe52,2025-09-29T20:38:05Z,andy.strubhar@argano.com,2.3.0
[Main] Create WCX Account from New Mission Unit,Unknown,[Workday] WQL API - SET BY EXTENSIONS,Connection,CONNECTION,http,[Workday] WQL API - SET BY EXTENSIONS,N/A,N/A,e7413d51-e4f5-4ade-a086-cb2aa32a2b6f,e994923b-34fe-4e3c-9d6e-5d586bccfe52,2025-09-29T20:38:05Z,andy.strubhar@argano.com,2.3.0
[Main] Create WCX Account from New Mission Unit,Unknown,[YLGlobal] Get MissionUnits Eligible for WCX Account from MissionUnitHierarchyMaster,connector-action,OPERATION,operation_type,Unknown,officialboomi-X3979C-dbv2da-prod,[YLGlobal] Get MissionUnits Eligible for WCX Account from MissionUnitHierarchyMaster,e7413d51-e4f5-4ade-a086-cb2aa32a2b6f,e994923b-34fe-4e3c-9d6e-5d586bccfe52,2025-09-29T20:38:05Z,andy.strubhar@argano.com,2.3.0
[WebSvc] TazWorks RSI Webhook Listener,Unknown,[TazWorks RSI] Webhook Listener,connector-action,OPERATION,operation_type,Unknown,wss,[TazWorks RSI] Webhook Listener,43255846-cc83-4435-a222-7545e5b50a31,e994923b-34fe-4e3c-9d6e-5d586bccfe52,2024-11-26T16:11:43Z,andy.strubhar@argano.com,6.1
[Main] Send Workday Locations Data Quality Notification Email,Unknown,[Workday] WQL API - SET BY EXTENSIONS,Connection,CONNECTION,http,[Workday] WQL API - SET BY EXTENSIONS,N/A,N/A,31213fb6-ddc6-45d4-8802-5760ac4c2180,e994923b-34fe-4e3c-9d6e-5d586bccfe52,2025-02-12T20:17:58Z,andy.strubhar@argano.com,1.1
[Main] Send Workday Locations Data Quality Notification Email,Unknown,[WQL] POST Access Token Request,connector-action,OPERATION,operation_type,Unknown,http,[WQL] POST Access Token Request,31213fb6-ddc6-45d4-8802-5760ac4c2180,e994923b-34fe-4e3c-9d6e-5d586bccfe52,2025-02-12T20:17:58Z,andy.strubhar@argano.com,1.1
[Main] Send Workday Locations Data Quality Notification Email,Unknown,[WQL] POST Custom Query,connector-action,OPERATION,operation_type,Unknown,http,[WQL] POST Custom Query,31213fb6-ddc6-45d4-8802-5760ac4c2180,e994923b-34fe-4e3c-9d6e-5d586bccfe52,2025-02-12T20:17:58Z,andy.strubhar@argano.com,1.1
[Main] Send Workday Locations Data Quality Notification Email,Unknown,[AWS SES] Outbound Mail Connection,Connection,CONNECTION,mailsdk,[AWS SES] Outbound Mail Connection,N/A,N/A,31213fb6-ddc6-45d4-8802-5760ac4c2180,e994923b-34fe-4e3c-9d6e-5d586bccfe52,2025-02-12T20:17:58Z,andy.strubhar@argano.com,1.1
[Main] Send Workday Locations Data Quality Notification Email,Unknown,[IMAP Mail] Send Error Email Notification,connector-action,OPERATION,operation_type,Unknown,mailsdk,[IMAP Mail] Send Error Email Notification,31213fb6-ddc6-45d4-8802-5760ac4c2180,e994923b-34fe-4e3c-9d6e-5d586bccfe52,2025-02-12T20:17:58Z,andy.strubhar@argano.com,1.1
[Main] Send Workday Locations Data Quality Notification Email,Unknown,[AWS RDS] YLGlobal integrationuser - SET BY EXTENSIONS,Connection,CONNECTION,officialboomi-X3979C-dbv2da-prod,[AWS RDS] YLGlobal integrationuser - SET BY EXTENSIONS,N/A,N/A,31213fb6-ddc6-45d4-8802-5760ac4c2180,e994923b-34fe-4e3c-9d6e-5d586bccfe52,2025-02-12T20:17:58Z,andy.strubhar@argano.com,1.1
[Main] Send Workday Locations Data Quality Notification Email,Unknown,[YLGlobal] LocationStage QUERY,connector-action,OPERATION,operation_type,Unknown,officialboomi-X3979C-dbv2da-prod,[YLGlobal] LocationStage QUERY,31213fb6-ddc6-45d4-8802-5760ac4c2180,e994923b-34fe-4e3c-9d6e-5d586bccfe52,2025-02-12T20:17:58Z,andy.strubhar@argano.com,1.1
[Web Svc] Generate Print Shop Files from SF,Unknown,[WSS] Generate Print Shop Files From SF,connector-action,OPERATION,operation_type,Unknown,wss,[WSS] Generate Print Shop Files From SF,fee1ba10-dbd1-4acc-94d8-e751243b85fd,e994923b-34fe-4e3c-9d6e-5d586bccfe52,2024-07-09T20:48:53Z,andy.strubhar@argano.com,1.1.1
[Main] WCX Pages Quarantine Notification,Unknown,[WCX] POST Query,connector-action,OPERATION,operation_type,Unknown,http,[WCX] POST Query,a4ba6f99-e7bc-4c14-a098-afcca40d8487,e994923b-34fe-4e3c-9d6e-5d586bccfe52,2025-02-13T22:39:37Z,andy.strubhar@argano.com,5.1.1
[Main] WCX Pages Quarantine Notification,Unknown,[WCX] Webconnex API,Connection,CONNECTION,http,[WCX] Webconnex API,N/A,N/A,a4ba6f99-e7bc-4c14-a098-afcca40d8487,e994923b-34fe-4e3c-9d6e-5d586bccfe52,2025-02-13T22:39:37Z,andy.strubhar@argano.com,5.1.1
[Main] WCX Pages Quarantine Notification,Unknown,[YLGlobal] WCXRegistrantCatchup DELETE,connector-action,OPERATION,operation_type,Unknown,officialboomi-X3979C-dbv2da-prod,[YLGlobal] WCXRegistrantCatchup DELETE,a4ba6f99-e7bc-4c14-a098-afcca40d8487,e994923b-34fe-4e3c-9d6e-5d586bccfe52,2025-02-13T22:39:37Z,andy.strubhar@argano.com,5.1.1
[Main] WCX Pages Quarantine Notification,Unknown,[YLGlobal] WCXRegistrantCatchup QUERY,connector-action,OPERATION,operation_type,Unknown,officialboomi-X3979C-dbv2da-prod,[YLGlobal] WCXRegistrantCatchup QUERY,a4ba6f99-e7bc-4c14-a098-afcca40d8487,e994923b-34fe-4e3c-9d6e-5d586bccfe52,2025-02-13T22:39:37Z,andy.strubhar@argano.com,5.1.1
[Main] WCX Pages Quarantine Notification,Unknown,[AWS SES] Outbound Mail Connection,Connection,CONNECTION,mailsdk,[AWS SES] Outbound Mail Connection,N/A,N/A,a4ba6f99-e7bc-4c14-a098-afcca40d8487,e994923b-34fe-4e3c-9d6e-5d586bccfe52,2025-02-13T22:39:37Z,andy.strubhar@argano.com,5.1.1
[Main] WCX Pages Quarantine Notification,Unknown,[IMAP Mail] Send Email with Attachment from IMAP Attachments Cache,connector-action,OPERATION,operation_type,Unknown,mailsdk,[IMAP Mail] Send Email with Attachment from IMAP Attachments Cache,a4ba6f99-e7bc-4c14-a098-afcca40d8487,e994923b-34fe-4e3c-9d6e-5d586bccfe52,2025-02-13T22:39:37Z,andy.strubhar@argano.com,5.1.1
[Main] WCX Pages Quarantine Notification,Unknown,[AWS RDS] YLGlobal integrationuser - SET BY EXTENSIONS,Connection,CONNECTION,officialboomi-X3979C-dbv2da-prod,[AWS RDS] YLGlobal integrationuser - SET BY EXTENSIONS,N/A,N/A,a4ba6f99-e7bc-4c14-a098-afcca40d8487,e994923b-34fe-4e3c-9d6e-5d586bccfe52,2025-02-13T22:39:37Z,andy.strubhar@argano.com,5.1.1
[Web Svc] UserNeedsAttention proxy,Unknown,[YL Apps] UserNeedsAttention,connector-action,OPERATION,operation_type,Unknown,wssoapclientsdk,[YL Apps] UserNeedsAttention,d00b0e7b-6b08-4eb5-ac80-9787b3cd7322,e994923b-34fe-4e3c-9d6e-5d586bccfe52,2024-05-28T16:36:39Z,kknapp@sc.younglife.org,3.0
[Web Svc] UserNeedsAttention proxy,Unknown,[YL apps SOAP] apps.younglife.org AppsLoginProcess,Connection,CONNECTION,wssoapclientsdk,[YL apps SOAP] apps.younglife.org AppsLoginProcess,N/A,N/A,d00b0e7b-6b08-4eb5-ac80-9787b3cd7322,e994923b-34fe-4e3c-9d6e-5d586bccfe52,2024-05-28T16:36:39Z,kknapp@sc.younglife.org,3.0
[Web Svc] UserNeedsAttention proxy,Unknown,[YLApps] UserNeedsAttention,connector-action,OPERATION,operation_type,Unknown,wss,[YLApps] UserNeedsAttention,d00b0e7b-6b08-4eb5-ac80-9787b3cd7322,e994923b-34fe-4e3c-9d6e-5d586bccfe52,2024-05-28T16:36:39Z,kknapp@sc.younglife.org,3.0
[Web Svc] Get all Emma Members with specific Email (DSAR),Unknown,[IMAP Mail] Send Email with Attachment from IMAP Attachments Cache,connector-action,OPERATION,operation_type,Unknown,mailsdk,[IMAP Mail] Send Email with Attachment from IMAP Attachments Cache,c78f16e5-8c4f-4eae-aee1-a1d4819ce3fa,e994923b-34fe-4e3c-9d6e-5d586bccfe52,2025-09-03T19:34:02Z,andy.strubhar@argano.com,2.2.0
[Web Svc] Get all Emma Members with specific Email (DSAR),Unknown,[Emma] Get Subaccounts,connector-action,OPERATION,operation_type,Unknown,http,[Emma] Get Subaccounts,c78f16e5-8c4f-4eae-aee1-a1d4819ce3fa,e994923b-34fe-4e3c-9d6e-5d586bccfe52,2025-09-03T19:34:02Z,andy.strubhar@argano.com,2.2.0
[Web Svc] Get all Emma Members with specific Email (DSAR),Unknown,[Emma] Integration User - SET BY EXTENSIONS,Connection,CONNECTION,http,[Emma] Integration User - SET BY EXTENSIONS,N/A,N/A,c78f16e5-8c4f-4eae-aee1-a1d4819ce3fa,e994923b-34fe-4e3c-9d6e-5d586bccfe52,2025-09-03T19:34:02Z,andy.strubhar@argano.com,2.2.0
[Web Svc] Get all Emma Members with specific Email (DSAR),Unknown,[AWS SES] Outbound Mail Connection,Connection,CONNECTION,mailsdk,[AWS SES] Outbound Mail Connection,N/A,N/A,c78f16e5-8c4f-4eae-aee1-a1d4819ce3fa,e994923b-34fe-4e3c-9d6e-5d586bccfe52,2025-09-03T19:34:02Z,andy.strubhar@argano.com,2.2.0
[Web Svc] Get all Emma Members with specific Email (DSAR),Unknown,[Emma] Get Member by Email and Subaccount,connector-action,OPERATION,operation_type,Unknown,http,[Emma] Get Member by Email and Subaccount,c78f16e5-8c4f-4eae-aee1-a1d4819ce3fa,e994923b-34fe-4e3c-9d6e-5d586bccfe52,2025-09-03T19:34:02Z,andy.strubhar@argano.com,2.2.0
[Web Svc] Get all Emma Members with specific Email (DSAR),Unknown,[Emma] Delete Email from all Emma Accounts (DSAR),connector-action,OPERATION,operation_type,Unknown,wss,[Emma] Delete Email from all Emma Accounts (DSAR),c78f16e5-8c4f-4eae-aee1-a1d4819ce3fa,e994923b-34fe-4e3c-9d6e-5d586bccfe52,2025-09-03T19:34:02Z,andy.strubhar@argano.com,2.2.0
[Web Svc] DQ to YLGlobal,Unknown,[AWS RDS] YLGlobal integrationuser - SET BY EXTENSIONS,Connection,CONNECTION,officialboomi-X3979C-dbv2da-prod,[AWS RDS] YLGlobal integrationuser - SET BY EXTENSIONS,N/A,N/A,84bd6dbf-73eb-4d4b-9879-1cba6b87f339,e994923b-34fe-4e3c-9d6e-5d586bccfe52,2024-09-04T16:14:58Z,mamiller@sc.younglife.org,2.0
[Web Svc] DQ to YLGlobal,Unknown,[DQ] createDQTrainingCompletion,connector-action,OPERATION,operation_type,Unknown,wss,[DQ] createDQTrainingCompletion,84bd6dbf-73eb-4d4b-9879-1cba6b87f339,e994923b-34fe-4e3c-9d6e-5d586bccfe52,2024-09-04T16:14:58Z,mamiller@sc.younglife.org,2.0
[Web Svc] DQ to YLGlobal,Unknown,[YLGlobal] usp_GetUserIdFromUsername EXECUTE,connector-action,OPERATION,operation_type,Unknown,officialboomi-X3979C-dbv2da-prod,[YLGlobal] usp_GetUserIdFromUsername EXECUTE,84bd6dbf-73eb-4d4b-9879-1cba6b87f339,e994923b-34fe-4e3c-9d6e-5d586bccfe52,2024-09-04T16:14:58Z,mamiller@sc.younglife.org,2.0
[Web Svc] DQ to YLGlobal,Unknown,[YLGlobal] DQ.TrainingCompletion INSERT,connector-action,OPERATION,operation_type,Unknown,officialboomi-X3979C-dbv2da-prod,[YLGlobal] DQ.TrainingCompletion INSERT,84bd6dbf-73eb-4d4b-9879-1cba6b87f339,e994923b-34fe-4e3c-9d6e-5d586bccfe52,2024-09-04T16:14:58Z,mamiller@sc.younglife.org,2.0
[Main] SF Registrant ID Update to HC Forms,Unknown,[YLGlobal] usp_UpdateFormRegistrantID EXECUTE,connector-action,OPERATION,operation_type,Unknown,officialboomi-X3979C-dbv2da-prod,[YLGlobal] usp_UpdateFormRegistrantID EXECUTE,e4a9adac-a60f-44b8-990a-58375e51bbd2,e994923b-34fe-4e3c-9d6e-5d586bccfe52,2025-02-20T21:43:57Z,andy.strubhar@argano.com,2.0
[Main] SF Registrant ID Update to HC Forms,Unknown,"[Salesforce] IntQ__c from Direction__c, IsProcessed, & SourceSystem QUERY",connector-action,OPERATION,operation_type,Unknown,salesforce,"[Salesforce] IntQ__c from Direction__c, IsProcessed, & SourceSystem QUERY",e4a9adac-a60f-44b8-990a-58375e51bbd2,e994923b-34fe-4e3c-9d6e-5d586bccfe52,2025-02-20T21:43:57Z,andy.strubhar@argano.com,2.0
[Main] SF Registrant ID Update to HC Forms,Unknown,[Salesforce] IntQ__c UPDATE,connector-action,OPERATION,operation_type,Unknown,salesforce,[Salesforce] IntQ__c UPDATE,e4a9adac-a60f-44b8-990a-58375e51bbd2,e994923b-34fe-4e3c-9d6e-5d586bccfe52,2025-02-20T21:43:57Z,andy.strubhar@argano.com,2.0
[Main] SF Registrant ID Update to HC Forms,Unknown,[AWS RDS] YLGlobal integrationuser - SET BY EXTENSIONS,Connection,CONNECTION,officialboomi-X3979C-dbv2da-prod,[AWS RDS] YLGlobal integrationuser - SET BY EXTENSIONS,N/A,N/A,e4a9adac-a60f-44b8-990a-58375e51bbd2,e994923b-34fe-4e3c-9d6e-5d586bccfe52,2025-02-20T21:43:57Z,andy.strubhar@argano.com,2.0
[Main] SF Registrant ID Update to HC Forms,Unknown,[Salesforce] integrationuser - SET BY EXTENSIONS,Connection,CONNECTION,salesforce,[Salesforce] integrationuser - SET BY EXTENSIONS,N/A,N/A,e4a9adac-a60f-44b8-990a-58375e51bbd2,e994923b-34fe-4e3c-9d6e-5d586bccfe52,2025-02-20T21:43:57Z,andy.strubhar@argano.com,2.0
"[Main] TazWorks RSI Create Applicant, License & Order",Unknown,[AWS RDS] YLGlobal integrationuser - SET BY EXTENSIONS,Connection,CONNECTION,officialboomi-X3979C-dbv2da-prod,[AWS RDS] YLGlobal integrationuser - SET BY EXTENSIONS,N/A,N/A,67be2b2b-da94-461e-b414-6f7f75d6d646,e994923b-34fe-4e3c-9d6e-5d586bccfe52,2025-06-11T20:03:47Z,mamiller@sc.younglife.org,7.6
"[Main] TazWorks RSI Create Applicant, License & Order",Unknown,[RSI TazWorks] POST JSON Endpoint,connector-action,OPERATION,operation_type,Unknown,http,[RSI TazWorks] POST JSON Endpoint,67be2b2b-da94-461e-b414-6f7f75d6d646,e994923b-34fe-4e3c-9d6e-5d586bccfe52,2025-06-11T20:03:47Z,mamiller@sc.younglife.org,7.6
"[Main] TazWorks RSI Create Applicant, License & Order",Unknown,TazWorks RSI - SET BY EXTENSIONS,Connection,CONNECTION,http,TazWorks RSI - SET BY EXTENSIONS,N/A,N/A,67be2b2b-da94-461e-b414-6f7f75d6d646,e994923b-34fe-4e3c-9d6e-5d586bccfe52,2025-06-11T20:03:47Z,mamiller@sc.younglife.org,7.6
"[Main] TazWorks RSI Create Applicant, License & Order",Unknown,[YL API] PUT JSON Endpoint,connector-action,OPERATION,operation_type,Unknown,http,[YL API] PUT JSON Endpoint,67be2b2b-da94-461e-b414-6f7f75d6d646,e994923b-34fe-4e3c-9d6e-5d586bccfe52,2025-06-11T20:03:47Z,mamiller@sc.younglife.org,7.6
"[Main] TazWorks RSI Create Applicant, License & Order",Unknown,[YLGlobal] TazWorksCBCandDQSync INSERT Request,connector-action,OPERATION,operation_type,Unknown,officialboomi-X3979C-dbv2da-prod,[YLGlobal] TazWorksCBCandDQSync INSERT Request,67be2b2b-da94-461e-b414-6f7f75d6d646,e994923b-34fe-4e3c-9d6e-5d586bccfe52,2025-06-11T20:03:47Z,mamiller@sc.younglife.org,7.6
"[Main] TazWorks RSI Create Applicant, License & Order",Unknown,[YL API] Young Life API - SET BY EXTENSIONS,Connection,CONNECTION,http,[YL API] Young Life API - SET BY EXTENSIONS,N/A,N/A,67be2b2b-da94-461e-b414-6f7f75d6d646,e994923b-34fe-4e3c-9d6e-5d586bccfe52,2025-06-11T20:03:47Z,mamiller@sc.younglife.org,7.6
"[Main] TazWorks RSI Create Applicant, License & Order",Unknown,[YL API] GET JSON,connector-action,OPERATION,operation_type,Unknown,http,[YL API] GET JSON,67be2b2b-da94-461e-b414-6f7f75d6d646,e994923b-34fe-4e3c-9d6e-5d586bccfe52,2025-06-11T20:03:47Z,mamiller@sc.younglife.org,7.6
"[Main] TazWorks RSI Create Applicant, License & Order",Unknown,[Salesforce] LMPrivateDetail__c UPDATE,connector-action,OPERATION,operation_type,Unknown,salesforce,[Salesforce] LMPrivateDetail__c UPDATE,67be2b2b-da94-461e-b414-6f7f75d6d646,e994923b-34fe-4e3c-9d6e-5d586bccfe52,2025-06-11T20:03:47Z,mamiller@sc.younglife.org,7.6
"[Main] TazWorks RSI Create Applicant, License & Order",Unknown,[Salesforce] integrationuser - SET BY EXTENSIONS,Connection,CONNECTION,salesforce,[Salesforce] integrationuser - SET BY EXTENSIONS,N/A,N/A,67be2b2b-da94-461e-b414-6f7f75d6d646,e994923b-34fe-4e3c-9d6e-5d586bccfe52,2025-06-11T20:03:47Z,mamiller@sc.younglife.org,7.6
[Workday] Worker Roles Replication,Unknown,[AWS RDS] YLGlobal integrationuser - SET BY EXTENSIONS,Connection,CONNECTION,officialboomi-X3979C-dbv2da-prod,[AWS RDS] YLGlobal integrationuser - SET BY EXTENSIONS,N/A,N/A,9e0b1f30-7875-40c9-b37f-901d77e599a6,e994923b-34fe-4e3c-9d6e-5d586bccfe52,2025-06-24T17:21:29Z,mamiller@sc.younglife.org,1.6
[Workday] Worker Roles Replication,Unknown,YL Global.Workday.WorkerRoles UPSERT,connector-action,OPERATION,operation_type,Unknown,officialboomi-X3979C-dbv2da-prod,YL Global.Workday.WorkerRoles UPSERT,9e0b1f30-7875-40c9-b37f-901d77e599a6,e994923b-34fe-4e3c-9d6e-5d586bccfe52,2025-06-24T17:21:29Z,mamiller@sc.younglife.org,1.6
[Workday] Worker Roles Replication,Unknown,[Workday] executeWorkerRolesReplication,connector-action,OPERATION,operation_type,Unknown,wss,[Workday] executeWorkerRolesReplication,9e0b1f30-7875-40c9-b37f-901d77e599a6,e994923b-34fe-4e3c-9d6e-5d586bccfe52,2025-06-24T17:21:29Z,mamiller@sc.younglife.org,1.6
[Main] WCX Transactions to SF Int Q,Unknown,[Salesforce] Campaign Appeal_Code from Souceid__c GET,connector-action,OPERATION,operation_type,Unknown,salesforce,[Salesforce] Campaign Appeal_Code from Souceid__c GET,f9e1dc54-caca-4efe-8d6d-dfa528342b2f,e994923b-34fe-4e3c-9d6e-5d586bccfe52,2025-10-01T15:23:52Z,andy.strubhar@argano.com,10.1.3
[Main] WCX Transactions to SF Int Q,Unknown,[Salesforce] IntQ__c CREATE,connector-action,OPERATION,operation_type,Unknown,salesforce,[Salesforce] IntQ__c CREATE,f9e1dc54-caca-4efe-8d6d-dfa528342b2f,e994923b-34fe-4e3c-9d6e-5d586bccfe52,2025-10-01T15:23:52Z,andy.strubhar@argano.com,10.1.3
[Main] WCX Transactions to SF Int Q,Unknown,"[Salesforce] Campaign, Contact, Account IDs from RegistrantID",connector-action,OPERATION,operation_type,Unknown,salesforce,"[Salesforce] Campaign, Contact, Account IDs from RegistrantID",f9e1dc54-caca-4efe-8d6d-dfa528342b2f,e994923b-34fe-4e3c-9d6e-5d586bccfe52,2025-10-01T15:23:52Z,andy.strubhar@argano.com,10.1.3
[Main] WCX Transactions to SF Int Q,Unknown,[WCX] POST Query,connector-action,OPERATION,operation_type,Unknown,http,[WCX] POST Query,f9e1dc54-caca-4efe-8d6d-dfa528342b2f,e994923b-34fe-4e3c-9d6e-5d586bccfe52,2025-10-01T15:23:52Z,andy.strubhar@argano.com,10.1.3
[Main] WCX Transactions to SF Int Q,Unknown,[WCX] Webconnex API,Connection,CONNECTION,http,[WCX] Webconnex API,N/A,N/A,f9e1dc54-caca-4efe-8d6d-dfa528342b2f,e994923b-34fe-4e3c-9d6e-5d586bccfe52,2025-10-01T15:23:52Z,andy.strubhar@argano.com,10.1.3
[Main] WCX Transactions to SF Int Q,Unknown,[WCX] GET Request,connector-action,OPERATION,operation_type,Unknown,http,[WCX] GET Request,f9e1dc54-caca-4efe-8d6d-dfa528342b2f,e994923b-34fe-4e3c-9d6e-5d586bccfe52,2025-10-01T15:23:52Z,andy.strubhar@argano.com,10.1.3
[Main] WCX Transactions to SF Int Q,Unknown,[AWS SES] Outbound Mail Connection,Connection,CONNECTION,mailsdk,[AWS SES] Outbound Mail Connection,N/A,N/A,f9e1dc54-caca-4efe-8d6d-dfa528342b2f,e994923b-34fe-4e3c-9d6e-5d586bccfe52,2025-10-01T15:23:52Z,andy.strubhar@argano.com,10.1.3
[Main] WCX Transactions to SF Int Q,Unknown,[Salesforce] integrationuser - SET BY EXTENSIONS,Connection,CONNECTION,salesforce,[Salesforce] integrationuser - SET BY EXTENSIONS,N/A,N/A,f9e1dc54-caca-4efe-8d6d-dfa528342b2f,e994923b-34fe-4e3c-9d6e-5d586bccfe52,2025-10-01T15:23:52Z,andy.strubhar@argano.com,10.1.3
[Main] WCX Transactions to SF Int Q,Unknown,[IMAP Mail] Send Email with Attachment from IMAP Attachments Cache,connector-action,OPERATION,operation_type,Unknown,mailsdk,[IMAP Mail] Send Email with Attachment from IMAP Attachments Cache,f9e1dc54-caca-4efe-8d6d-dfa528342b2f,e994923b-34fe-4e3c-9d6e-5d586bccfe52,2025-10-01T15:23:52Z,andy.strubhar@argano.com,10.1.3
[Main] WCX Transactions to SF Int Q,Unknown,[Salesforce] CDS_Data_Import__c CREATE,connector-action,OPERATION,operation_type,Unknown,salesforce,[Salesforce] CDS_Data_Import__c CREATE,f9e1dc54-caca-4efe-8d6d-dfa528342b2f,e994923b-34fe-4e3c-9d6e-5d586bccfe52,2025-10-01T15:23:52Z,andy.strubhar@argano.com,10.1.3
[Main] Monthly FX Rates,Unknown,Workday Import Currency Conversion Rates,connector-action,OPERATION,operation_type,Unknown,workday,Workday Import Currency Conversion Rates,f0df22ae-a2fd-4c74-94e4-df4fad9b9b91,e994923b-34fe-4e3c-9d6e-5d586bccfe52,2025-04-07T13:23:29Z,mamiller@sc.younglife.org,1.4.4
[Main] Monthly FX Rates,Unknown,[Snowflake] Select Max Year and Month from Monthly Conversion Rates,connector-action,OPERATION,operation_type,Unknown,officialboomi-X3979C-snowfl-prod,[Snowflake] Select Max Year and Month from Monthly Conversion Rates,f0df22ae-a2fd-4c74-94e4-df4fad9b9b91,e994923b-34fe-4e3c-9d6e-5d586bccfe52,2025-04-07T13:23:29Z,mamiller@sc.younglife.org,1.4.4
[Main] Monthly FX Rates,Unknown,[Workday] ISU_YL_Integrations - SET BY EXTENSIONS,Connection,CONNECTION,workday,[Workday] ISU_YL_Integrations - SET BY EXTENSIONS,N/A,N/A,f0df22ae-a2fd-4c74-94e4-df4fad9b9b91,e994923b-34fe-4e3c-9d6e-5d586bccfe52,2025-04-07T13:23:29Z,mamiller@sc.younglife.org,1.4.4
[Main] Monthly FX Rates,Unknown,[Snowflake] INTEGRATION_SERVICE_ACCOUNT - SET BY EXTENSIONS,Connection,CONNECTION,officialboomi-X3979C-snowfl-prod,[Snowflake] INTEGRATION_SERVICE_ACCOUNT - SET BY EXTENSIONS,N/A,N/A,f0df22ae-a2fd-4c74-94e4-df4fad9b9b91,e994923b-34fe-4e3c-9d6e-5d586bccfe52,2025-04-07T13:23:29Z,mamiller@sc.younglife.org,1.4.4
[Main] Monthly FX Rates,Unknown,Query Snowflake Monthly FX Rates,connector-action,OPERATION,operation_type,Unknown,officialboomi-X3979C-snowfl-prod,Query Snowflake Monthly FX Rates,f0df22ae-a2fd-4c74-94e4-df4fad9b9b91,e994923b-34fe-4e3c-9d6e-5d586bccfe52,2025-04-07T13:23:29Z,mamiller@sc.younglife.org,1.4.4
[Main] WCX Pages to SF Int Q,Unknown,[YLGlobal] WCXRegistrantCatchup DELETE,connector-action,OPERATION,operation_type,Unknown,officialboomi-X3979C-dbv2da-prod,[YLGlobal] WCXRegistrantCatchup DELETE,68f76739-56db-4eff-b914-b329aab2e6fa,e994923b-34fe-4e3c-9d6e-5d586bccfe52,2025-09-17T14:50:56Z,andy.strubhar@argano.com,8.2.1
[Main] WCX Pages to SF Int Q,Unknown,[YLGlobal] WCXRegistrantCatchup GET,connector-action,OPERATION,operation_type,Unknown,officialboomi-X3979C-dbv2da-prod,[YLGlobal] WCXRegistrantCatchup GET,68f76739-56db-4eff-b914-b329aab2e6fa,e994923b-34fe-4e3c-9d6e-5d586bccfe52,2025-09-17T14:50:56Z,andy.strubhar@argano.com,8.2.1
[Main] WCX Pages to SF Int Q,Unknown,[YLGlobal] WCXRegistrantCatchup UPSERT,connector-action,OPERATION,operation_type,Unknown,officialboomi-X3979C-dbv2da-prod,[YLGlobal] WCXRegistrantCatchup UPSERT,68f76739-56db-4eff-b914-b329aab2e6fa,e994923b-34fe-4e3c-9d6e-5d586bccfe52,2025-09-17T14:50:56Z,andy.strubhar@argano.com,8.2.1
[Main] WCX Pages to SF Int Q,Unknown,"[Salesforce] CampaignMember, Contact, ParentGuardian GET",connector-action,OPERATION,operation_type,Unknown,salesforce,"[Salesforce] CampaignMember, Contact, ParentGuardian GET",68f76739-56db-4eff-b914-b329aab2e6fa,e994923b-34fe-4e3c-9d6e-5d586bccfe52,2025-09-17T14:50:56Z,andy.strubhar@argano.com,8.2.1
[Main] WCX Pages to SF Int Q,Unknown,[Attaccama] person/identify Matching Endpoint,connector-action,OPERATION,operation_type,Unknown,http,[Attaccama] person/identify Matching Endpoint,68f76739-56db-4eff-b914-b329aab2e6fa,e994923b-34fe-4e3c-9d6e-5d586bccfe52,2025-09-17T14:50:56Z,andy.strubhar@argano.com,8.2.1
[Main] WCX Pages to SF Int Q,Unknown,[Salesforce] IntQ__c CREATE,connector-action,OPERATION,operation_type,Unknown,salesforce,[Salesforce] IntQ__c CREATE,68f76739-56db-4eff-b914-b329aab2e6fa,e994923b-34fe-4e3c-9d6e-5d586bccfe52,2025-09-17T14:50:56Z,andy.strubhar@argano.com,8.2.1
[Main] WCX Pages to SF Int Q,Unknown,[AWS RDS] YLGlobal integrationuser - SET BY EXTENSIONS,Connection,CONNECTION,officialboomi-X3979C-dbv2da-prod,[AWS RDS] YLGlobal integrationuser - SET BY EXTENSIONS,N/A,N/A,68f76739-56db-4eff-b914-b329aab2e6fa,e994923b-34fe-4e3c-9d6e-5d586bccfe52,2025-09-17T14:50:56Z,andy.strubhar@argano.com,8.2.1
[Main] WCX Pages to SF Int Q,Unknown,[WCX] Get Account From AccountId,connector-action,OPERATION,operation_type,Unknown,http,[WCX] Get Account From AccountId,68f76739-56db-4eff-b914-b329aab2e6fa,e994923b-34fe-4e3c-9d6e-5d586bccfe52,2025-09-17T14:50:56Z,andy.strubhar@argano.com,8.2.1
[Main] WCX Pages to SF Int Q,Unknown,[WCX] Get Transaction from order_id,connector-action,OPERATION,operation_type,Unknown,http,[WCX] Get Transaction from order_id,68f76739-56db-4eff-b914-b329aab2e6fa,e994923b-34fe-4e3c-9d6e-5d586bccfe52,2025-09-17T14:50:56Z,andy.strubhar@argano.com,8.2.1
[Main] WCX Pages to SF Int Q,Unknown,[WCX] POST Query,connector-action,OPERATION,operation_type,Unknown,http,[WCX] POST Query,68f76739-56db-4eff-b914-b329aab2e6fa,e994923b-34fe-4e3c-9d6e-5d586bccfe52,2025-09-17T14:50:56Z,andy.strubhar@argano.com,8.2.1
[Main] WCX Pages to SF Int Q,Unknown,[WCX] Specific Form Request,connector-action,OPERATION,operation_type,Unknown,http,[WCX] Specific Form Request,68f76739-56db-4eff-b914-b329aab2e6fa,e994923b-34fe-4e3c-9d6e-5d586bccfe52,2025-09-17T14:50:56Z,andy.strubhar@argano.com,8.2.1
[Main] WCX Pages to SF Int Q,Unknown,[WCX] Webconnex API,Connection,CONNECTION,http,[WCX] Webconnex API,N/A,N/A,68f76739-56db-4eff-b914-b329aab2e6fa,e994923b-34fe-4e3c-9d6e-5d586bccfe52,2025-09-17T14:50:56Z,andy.strubhar@argano.com,8.2.1
[Main] WCX Pages to SF Int Q,Unknown,[Ataccama] MDM REST Connection - SET BY EXTENSIONS,Connection,CONNECTION,http,[Ataccama] MDM REST Connection - SET BY EXTENSIONS,N/A,N/A,68f76739-56db-4eff-b914-b329aab2e6fa,e994923b-34fe-4e3c-9d6e-5d586bccfe52,2025-09-17T14:50:56Z,andy.strubhar@argano.com,8.2.1
[Main] WCX Pages to SF Int Q,Unknown,[Salesforce] integrationuser - SET BY EXTENSIONS,Connection,CONNECTION,salesforce,[Salesforce] integrationuser - SET BY EXTENSIONS,N/A,N/A,68f76739-56db-4eff-b914-b329aab2e6fa,e994923b-34fe-4e3c-9d6e-5d586bccfe52,2025-09-17T14:50:56Z,andy.strubhar@argano.com,8.2.1
[Web Svc] Route User Payloads to YL API,Unknown,[SFTP V2] Create File - Unique Name if Exists,connector-action,OPERATION,operation_type,Unknown,officialboomi-X3979C-sftpv2-prod,[SFTP V2] Create File - Unique Name if Exists,862c9403-e322-492b-a297-b77edd3fa5c3,e994923b-34fe-4e3c-9d6e-5d586bccfe52,2025-09-18T15:41:37Z,mamiller@sc.younglife.org,18.7.0
[Web Svc] Route User Payloads to YL API,Unknown,Young Life SFTP V2,Connection,CONNECTION,officialboomi-X3979C-sftpv2-prod,Young Life SFTP V2,N/A,N/A,862c9403-e322-492b-a297-b77edd3fa5c3,e994923b-34fe-4e3c-9d6e-5d586bccfe52,2025-09-18T15:41:37Z,mamiller@sc.younglife.org,18.7.0
[Web Svc] Route User Payloads to YL API,Unknown,[YLAPI] POST Application/JSON Operation,connector-action,OPERATION,operation_type,Unknown,http,[YLAPI] POST Application/JSON Operation,862c9403-e322-492b-a297-b77edd3fa5c3,e994923b-34fe-4e3c-9d6e-5d586bccfe52,2025-09-18T15:41:37Z,mamiller@sc.younglife.org,18.7.0
[Web Svc] Route User Payloads to YL API,Unknown,[UAM] executeUserSync,connector-action,OPERATION,operation_type,Unknown,wss,[UAM] executeUserSync,862c9403-e322-492b-a297-b77edd3fa5c3,e994923b-34fe-4e3c-9d6e-5d586bccfe52,2025-09-18T15:41:37Z,mamiller@sc.younglife.org,18.7.0
[Web Svc] Route User Payloads to YL API,Unknown,[AWS RDS] YLGlobal integrationuser - SET BY EXTENSIONS,Connection,CONNECTION,officialboomi-X3979C-dbv2da-prod,[AWS RDS] YLGlobal integrationuser - SET BY EXTENSIONS,N/A,N/A,862c9403-e322-492b-a297-b77edd3fa5c3,e994923b-34fe-4e3c-9d6e-5d586bccfe52,2025-09-18T15:41:37Z,mamiller@sc.younglife.org,18.7.0
[Web Svc] Route User Payloads to YL API,Unknown,[YLGlobal] UserAccountManagerSync INSERT,connector-action,OPERATION,operation_type,Unknown,officialboomi-X3979C-dbv2da-prod,[YLGlobal] UserAccountManagerSync INSERT,862c9403-e322-492b-a297-b77edd3fa5c3,e994923b-34fe-4e3c-9d6e-5d586bccfe52,2025-09-18T15:41:37Z,mamiller@sc.younglife.org,18.7.0
[Web Svc] Route User Payloads to YL API,Unknown,[Workday] ISU_YL_Integrations - SET BY EXTENSIONS,Connection,CONNECTION,workday,[Workday] ISU_YL_Integrations - SET BY EXTENSIONS,N/A,N/A,862c9403-e322-492b-a297-b77edd3fa5c3,e994923b-34fe-4e3c-9d6e-5d586bccfe52,2025-09-18T15:41:37Z,mamiller@sc.younglife.org,18.7.0
[Web Svc] Route User Payloads to YL API,Unknown,[Workday] Update Workday Account EXECUTE,connector-action,OPERATION,operation_type,Unknown,workday,[Workday] Update Workday Account EXECUTE,862c9403-e322-492b-a297-b77edd3fa5c3,e994923b-34fe-4e3c-9d6e-5d586bccfe52,2025-09-18T15:41:37Z,mamiller@sc.younglife.org,18.7.0
[Web Svc] Route User Payloads to YL API,Unknown,[YL API] Young Life API - SET BY EXTENSIONS,Connection,CONNECTION,http,[YL API] Young Life API - SET BY EXTENSIONS,N/A,N/A,862c9403-e322-492b-a297-b77edd3fa5c3,e994923b-34fe-4e3c-9d6e-5d586bccfe52,2025-09-18T15:41:37Z,mamiller@sc.younglife.org,18.7.0
[Web Svc] Route User Payloads to YL API,Unknown,Young Life SFTP,Connection,CONNECTION,officialboomi-X3979C-sftpvx-prod,Young Life SFTP,N/A,N/A,862c9403-e322-492b-a297-b77edd3fa5c3,e994923b-34fe-4e3c-9d6e-5d586bccfe52,2025-09-18T15:41:37Z,mamiller@sc.younglife.org,18.7.0
[Web Svc] Route User Payloads to YL API,Unknown,[SFTP] Create File - Unique Name if Exists,connector-action,OPERATION,operation_type,Unknown,officialboomi-X3979C-sftpvx-prod,[SFTP] Create File - Unique Name if Exists,862c9403-e322-492b-a297-b77edd3fa5c3,e994923b-34fe-4e3c-9d6e-5d586bccfe52,2025-09-18T15:41:37Z,mamiller@sc.younglife.org,18.7.0
[web svc] Execute Main SF to WD Process,Unknown,execute SF Lawson Allocation to Workday,connector-action,OPERATION,operation_type,Unknown,wss,execute SF Lawson Allocation to Workday,bf733eea-d8ba-4224-ada6-d4dce2bf39c2,e994923b-34fe-4e3c-9d6e-5d586bccfe52,2024-05-17T16:48:29Z,kknapp@sc.younglife.org,1.8
[Salesforce] SOQL Query,Unknown,"[SFTP V2] Get Specific Files, Do Not Delete",connector-action,OPERATION,operation_type,Unknown,officialboomi-X3979C-sftpv2-prod,"[SFTP V2] Get Specific Files, Do Not Delete",136e690c-7cd2-4069-89a0-ed07795575e3,e994923b-34fe-4e3c-9d6e-5d586bccfe52,2025-07-30T19:03:45Z,andy.strubhar@argano.com,72.0
[Salesforce] SOQL Query,Unknown,[SFTP V2] List File Names by Wildcard,connector-action,OPERATION,operation_type,Unknown,officialboomi-X3979C-sftpv2-prod,[SFTP V2] List File Names by Wildcard,136e690c-7cd2-4069-89a0-ed07795575e3,e994923b-34fe-4e3c-9d6e-5d586bccfe52,2025-07-30T19:03:45Z,andy.strubhar@argano.com,72.0
[Salesforce] SOQL Query,Unknown,Young Life SFTP V2,Connection,CONNECTION,officialboomi-X3979C-sftpv2-prod,Young Life SFTP V2,N/A,N/A,136e690c-7cd2-4069-89a0-ed07795575e3,e994923b-34fe-4e3c-9d6e-5d586bccfe52,2025-07-30T19:03:45Z,andy.strubhar@argano.com,72.0
[Salesforce] SOQL Query,Unknown,[TEMP] [AWS RDS] Production - DO NOT DEPLOY,Connection,CONNECTION,officialboomi-X3979C-dbv2da-prod,[TEMP] [AWS RDS] Production - DO NOT DEPLOY,N/A,N/A,136e690c-7cd2-4069-89a0-ed07795575e3,e994923b-34fe-4e3c-9d6e-5d586bccfe52,2025-07-30T19:03:45Z,andy.strubhar@argano.com,72.0
[Salesforce] SOQL Query,Unknown,[Salesforce] Send SOQL Query,connector-action,OPERATION,operation_type,Unknown,salesforce,[Salesforce] Send SOQL Query,136e690c-7cd2-4069-89a0-ed07795575e3,e994923b-34fe-4e3c-9d6e-5d586bccfe52,2025-07-30T19:03:45Z,andy.strubhar@argano.com,72.0
[Salesforce] SOQL Query,Unknown,[YLGlobal] EmmaMessageQueue UPDATE,connector-action,OPERATION,operation_type,Unknown,officialboomi-X3979C-dbv2da-prod,[YLGlobal] EmmaMessageQueue UPDATE,136e690c-7cd2-4069-89a0-ed07795575e3,e994923b-34fe-4e3c-9d6e-5d586bccfe52,2025-07-30T19:03:45Z,andy.strubhar@argano.com,72.0
[Salesforce] SOQL Query,Unknown,[YLGlobal] EmmaMessageQueue GET by Record ID,connector-action,OPERATION,operation_type,Unknown,officialboomi-X3979C-dbv2da-prod,[YLGlobal] EmmaMessageQueue GET by Record ID,136e690c-7cd2-4069-89a0-ed07795575e3,e994923b-34fe-4e3c-9d6e-5d586bccfe52,2025-07-30T19:03:45Z,andy.strubhar@argano.com,72.0
[Salesforce] SOQL Query,Unknown,[YLGlobal] EmmaMemberSync QUERY,connector-action,OPERATION,operation_type,Unknown,officialboomi-X3979C-dbv2da-prod,[YLGlobal] EmmaMemberSync QUERY,136e690c-7cd2-4069-89a0-ed07795575e3,e994923b-34fe-4e3c-9d6e-5d586bccfe52,2025-07-30T19:03:45Z,andy.strubhar@argano.com,72.0
[Salesforce] SOQL Query,Unknown,[Salesforce] integrationuser - SET BY EXTENSIONS,Connection,CONNECTION,salesforce,[Salesforce] integrationuser - SET BY EXTENSIONS,N/A,N/A,136e690c-7cd2-4069-89a0-ed07795575e3,e994923b-34fe-4e3c-9d6e-5d586bccfe52,2025-07-30T19:03:45Z,andy.strubhar@argano.com,72.0
[Salesforce] SOQL Query,Unknown,[YLGlobal] EmmaMessageQueue Query by InsertedAt,connector-action,OPERATION,operation_type,Unknown,officialboomi-X3979C-dbv2da-prod,[YLGlobal] EmmaMessageQueue Query by InsertedAt,136e690c-7cd2-4069-89a0-ed07795575e3,e994923b-34fe-4e3c-9d6e-5d586bccfe52,2025-07-30T19:03:45Z,andy.strubhar@argano.com,72.0
[Salesforce] SOQL Query,Unknown,[YLGlobal] EmmaMessageQueue HardCoded Query,connector-action,OPERATION,operation_type,Unknown,officialboomi-X3979C-dbv2da-prod,[YLGlobal] EmmaMessageQueue HardCoded Query,136e690c-7cd2-4069-89a0-ed07795575e3,e994923b-34fe-4e3c-9d6e-5d586bccfe52,2025-07-30T19:03:45Z,andy.strubhar@argano.com,72.0
[Web Svc] Call Emma Member Export Sync,Unknown,[Emma] Sync all Subaccount Members to Salesforce ,connector-action,OPERATION,operation_type,Unknown,wss,[Emma] Sync all Subaccount Members to Salesforce ,40bbda9a-878b-4983-9a80-94b6220ff3db,e994923b-34fe-4e3c-9d6e-5d586bccfe52,2025-08-06T18:06:58Z,andy.strubhar@argano.com,4.5.2
[Main] Salesforce Prehire Course Completion to Workday,Unknown,[AWS RDS] YLGlobal integrationuser - SET BY EXTENSIONS,Connection,CONNECTION,officialboomi-X3979C-dbv2da-prod,[AWS RDS] YLGlobal integrationuser - SET BY EXTENSIONS,N/A,N/A,00c50c7b-b067-45a7-8f2b-8682ec40d15c,e994923b-34fe-4e3c-9d6e-5d586bccfe52,2025-04-04T17:03:53Z,mamiller@sc.younglife.org,2.6
[Main] Salesforce Prehire Course Completion to Workday,Unknown,[YL API] Get User by UserId,connector-action,OPERATION,operation_type,Unknown,http,[YL API] Get User by UserId,00c50c7b-b067-45a7-8f2b-8682ec40d15c,e994923b-34fe-4e3c-9d6e-5d586bccfe52,2025-04-04T17:03:53Z,mamiller@sc.younglife.org,2.6
[Main] Salesforce Prehire Course Completion to Workday,Unknown,[YL Global] Integrations.PrehireCourseCompletionSync INSERT,connector-action,OPERATION,operation_type,Unknown,officialboomi-X3979C-dbv2da-prod,[YL Global] Integrations.PrehireCourseCompletionSync INSERT,00c50c7b-b067-45a7-8f2b-8682ec40d15c,e994923b-34fe-4e3c-9d6e-5d586bccfe52,2025-04-04T17:03:53Z,mamiller@sc.younglife.org,2.6
[Main] Salesforce Prehire Course Completion to Workday,Unknown,Put Job Application Additional Data,connector-action,OPERATION,operation_type,Unknown,workday,Put Job Application Additional Data,00c50c7b-b067-45a7-8f2b-8682ec40d15c,e994923b-34fe-4e3c-9d6e-5d586bccfe52,2025-04-04T17:03:53Z,mamiller@sc.younglife.org,2.6
[Main] Salesforce Prehire Course Completion to Workday,Unknown,[Workday] ISU_YL_Integrations - SET BY EXTENSIONS,Connection,CONNECTION,workday,[Workday] ISU_YL_Integrations - SET BY EXTENSIONS,N/A,N/A,00c50c7b-b067-45a7-8f2b-8682ec40d15c,e994923b-34fe-4e3c-9d6e-5d586bccfe52,2025-04-04T17:03:53Z,mamiller@sc.younglife.org,2.6
[Main] Salesforce Prehire Course Completion to Workday,Unknown,[Workday Custom Report] CR Job Application WID Extract,connector-action,OPERATION,operation_type,Unknown,http,[Workday Custom Report] CR Job Application WID Extract,00c50c7b-b067-45a7-8f2b-8682ec40d15c,e994923b-34fe-4e3c-9d6e-5d586bccfe52,2025-04-04T17:03:53Z,mamiller@sc.younglife.org,2.6
[Main] Salesforce Prehire Course Completion to Workday,Unknown,[YL API] Young Life API - SET BY EXTENSIONS,Connection,CONNECTION,http,[YL API] Young Life API - SET BY EXTENSIONS,N/A,N/A,00c50c7b-b067-45a7-8f2b-8682ec40d15c,e994923b-34fe-4e3c-9d6e-5d586bccfe52,2025-04-04T17:03:53Z,mamiller@sc.younglife.org,2.6
[Main] Salesforce Prehire Course Completion to Workday,Unknown,[Workday] HTTP Connector - SET BY EXTENSIONS,Connection,CONNECTION,http,[Workday] HTTP Connector - SET BY EXTENSIONS,N/A,N/A,00c50c7b-b067-45a7-8f2b-8682ec40d15c,e994923b-34fe-4e3c-9d6e-5d586bccfe52,2025-04-04T17:03:53Z,mamiller@sc.younglife.org,2.6
[WebSvc] Salesforce Prehire Course Completion Event Listener,Unknown,Salesforce Platform Events Connection,Connection,CONNECTION,sfpe,Salesforce Platform Events Connection,N/A,N/A,8bc70bc0-9644-4c96-a072-c6d4f961428a,e994923b-34fe-4e3c-9d6e-5d586bccfe52,2025-01-15T18:11:32Z,mamiller@sc.younglife.org,1.3
[WebSvc] Salesforce Prehire Course Completion Event Listener,Unknown,Salesforce Platform Events Prehire Course Complete,connector-action,OPERATION,operation_type,Unknown,sfpe,Salesforce Platform Events Prehire Course Complete,8bc70bc0-9644-4c96-a072-c6d4f961428a,e994923b-34fe-4e3c-9d6e-5d586bccfe52,2025-01-15T18:11:32Z,mamiller@sc.younglife.org,1.3
[Main] Generate Print Shop Files from SF,Unknown,[SFTP V2] Create File - Unique Name if Exists,connector-action,OPERATION,operation_type,Unknown,officialboomi-X3979C-sftpv2-prod,[SFTP V2] Create File - Unique Name if Exists,951513f0-4b58-4aa7-ac37-5b91a5653bd5,e994923b-34fe-4e3c-9d6e-5d586bccfe52,2025-07-02T16:05:23Z,mamiller@sc.younglife.org,3.2
[Main] Generate Print Shop Files from SF,Unknown,[IMAP Mail] Send Email without Attachment,connector-action,OPERATION,operation_type,Unknown,mailsdk,[IMAP Mail] Send Email without Attachment,951513f0-4b58-4aa7-ac37-5b91a5653bd5,e994923b-34fe-4e3c-9d6e-5d586bccfe52,2025-07-02T16:05:23Z,mamiller@sc.younglife.org,3.2
[Main] Generate Print Shop Files from SF,Unknown,Young Life SFTP V2,Connection,CONNECTION,officialboomi-X3979C-sftpv2-prod,Young Life SFTP V2,N/A,N/A,951513f0-4b58-4aa7-ac37-5b91a5653bd5,e994923b-34fe-4e3c-9d6e-5d586bccfe52,2025-07-02T16:05:23Z,mamiller@sc.younglife.org,3.2
[Main] Generate Print Shop Files from SF,Unknown,[AWS S3] Dynamic Bucket,Connection,CONNECTION,amazons3rest,[AWS S3] Dynamic Bucket,N/A,N/A,951513f0-4b58-4aa7-ac37-5b91a5653bd5,e994923b-34fe-4e3c-9d6e-5d586bccfe52,2025-07-02T16:05:23Z,mamiller@sc.younglife.org,3.2
[Main] Generate Print Shop Files from SF,Unknown,[Amazon S3] Dynamic Bucket UPSERT,connector-action,OPERATION,operation_type,Unknown,amazons3rest,[Amazon S3] Dynamic Bucket UPSERT,951513f0-4b58-4aa7-ac37-5b91a5653bd5,e994923b-34fe-4e3c-9d6e-5d586bccfe52,2025-07-02T16:05:23Z,mamiller@sc.younglife.org,3.2
[Main] Generate Print Shop Files from SF,Unknown,[Salesforce] RP_Print_Shop__c UPDATE,connector-action,OPERATION,operation_type,Unknown,salesforce,[Salesforce] RP_Print_Shop__c UPDATE,951513f0-4b58-4aa7-ac37-5b91a5653bd5,e994923b-34fe-4e3c-9d6e-5d586bccfe52,2025-07-02T16:05:23Z,mamiller@sc.younglife.org,3.2
[Main] Generate Print Shop Files from SF,Unknown,[Salesforce] RP_Print_Shop__c US Cash Receipts QUERY,connector-action,OPERATION,operation_type,Unknown,salesforce,[Salesforce] RP_Print_Shop__c US Cash Receipts QUERY,951513f0-4b58-4aa7-ac37-5b91a5653bd5,e994923b-34fe-4e3c-9d6e-5d586bccfe52,2025-07-02T16:05:23Z,mamiller@sc.younglife.org,3.2
[Main] Generate Print Shop Files from SF,Unknown,[Salesforce] RP_Print_Shop__c International Cash Receipts QUERY,connector-action,OPERATION,operation_type,Unknown,salesforce,[Salesforce] RP_Print_Shop__c International Cash Receipts QUERY,951513f0-4b58-4aa7-ac37-5b91a5653bd5,e994923b-34fe-4e3c-9d6e-5d586bccfe52,2025-07-02T16:05:23Z,mamiller@sc.younglife.org,3.2
[Main] Generate Print Shop Files from SF,Unknown,[Salesforce] RP_Print_Shop__c Non-Cash Letters QUERY,connector-action,OPERATION,operation_type,Unknown,salesforce,[Salesforce] RP_Print_Shop__c Non-Cash Letters QUERY,951513f0-4b58-4aa7-ac37-5b91a5653bd5,e994923b-34fe-4e3c-9d6e-5d586bccfe52,2025-07-02T16:05:23Z,mamiller@sc.younglife.org,3.2
[Main] Generate Print Shop Files from SF,Unknown,[AWS SES] Outbound Mail Connection,Connection,CONNECTION,mailsdk,[AWS SES] Outbound Mail Connection,N/A,N/A,951513f0-4b58-4aa7-ac37-5b91a5653bd5,e994923b-34fe-4e3c-9d6e-5d586bccfe52,2025-07-02T16:05:23Z,mamiller@sc.younglife.org,3.2
[Main] Generate Print Shop Files from SF,Unknown,[Salesforce] integrationuser - SET BY EXTENSIONS,Connection,CONNECTION,salesforce,[Salesforce] integrationuser - SET BY EXTENSIONS,N/A,N/A,951513f0-4b58-4aa7-ac37-5b91a5653bd5,e994923b-34fe-4e3c-9d6e-5d586bccfe52,2025-07-02T16:05:23Z,mamiller@sc.younglife.org,3.2
[sub] Transform and Upload WCX Registrants to Salesforce,Unknown,[WCX] Get Account From AccountId,connector-action,OPERATION,operation_type,Unknown,http,[WCX] Get Account From AccountId,ddf30609-0f84-49f9-8af5-9706be795f79,e994923b-34fe-4e3c-9d6e-5d586bccfe52,2025-03-26T21:49:07Z,mamiller@sc.younglife.org,1.0
[sub] Transform and Upload WCX Registrants to Salesforce,Unknown,[WCX] Get Transaction from order_id,connector-action,OPERATION,operation_type,Unknown,http,[WCX] Get Transaction from order_id,ddf30609-0f84-49f9-8af5-9706be795f79,e994923b-34fe-4e3c-9d6e-5d586bccfe52,2025-03-26T21:49:07Z,mamiller@sc.younglife.org,1.0
[sub] Transform and Upload WCX Registrants to Salesforce,Unknown,[WCX] Specific Form Request,connector-action,OPERATION,operation_type,Unknown,http,[WCX] Specific Form Request,ddf30609-0f84-49f9-8af5-9706be795f79,e994923b-34fe-4e3c-9d6e-5d586bccfe52,2025-03-26T21:49:07Z,mamiller@sc.younglife.org,1.0
[sub] Transform and Upload WCX Registrants to Salesforce,Unknown,[WCX] POST Query,connector-action,OPERATION,operation_type,Unknown,http,[WCX] POST Query,ddf30609-0f84-49f9-8af5-9706be795f79,e994923b-34fe-4e3c-9d6e-5d586bccfe52,2025-03-26T21:49:07Z,mamiller@sc.younglife.org,1.0
[sub] Transform and Upload WCX Registrants to Salesforce,Unknown,[WCX] Webconnex API,Connection,CONNECTION,http,[WCX] Webconnex API,N/A,N/A,ddf30609-0f84-49f9-8af5-9706be795f79,e994923b-34fe-4e3c-9d6e-5d586bccfe52,2025-03-26T21:49:07Z,mamiller@sc.younglife.org,1.0
[sub] Transform and Upload WCX Registrants to Salesforce,Unknown,"[Salesforce] CampaignMember, Contact, ParentGuardian GET",connector-action,OPERATION,operation_type,Unknown,salesforce,"[Salesforce] CampaignMember, Contact, ParentGuardian GET",ddf30609-0f84-49f9-8af5-9706be795f79,e994923b-34fe-4e3c-9d6e-5d586bccfe52,2025-03-26T21:49:07Z,mamiller@sc.younglife.org,1.0
[sub] Transform and Upload WCX Registrants to Salesforce,Unknown,[Attaccama] person/identify Matching Endpoint,connector-action,OPERATION,operation_type,Unknown,http,[Attaccama] person/identify Matching Endpoint,ddf30609-0f84-49f9-8af5-9706be795f79,e994923b-34fe-4e3c-9d6e-5d586bccfe52,2025-03-26T21:49:07Z,mamiller@sc.younglife.org,1.0
[sub] Transform and Upload WCX Registrants to Salesforce,Unknown,[Salesforce] IntQ__c CREATE,connector-action,OPERATION,operation_type,Unknown,salesforce,[Salesforce] IntQ__c CREATE,ddf30609-0f84-49f9-8af5-9706be795f79,e994923b-34fe-4e3c-9d6e-5d586bccfe52,2025-03-26T21:49:07Z,mamiller@sc.younglife.org,1.0
[sub] Transform and Upload WCX Registrants to Salesforce,Unknown,[Ataccama] MDM REST Connection - SET BY EXTENSIONS,Connection,CONNECTION,http,[Ataccama] MDM REST Connection - SET BY EXTENSIONS,N/A,N/A,ddf30609-0f84-49f9-8af5-9706be795f79,e994923b-34fe-4e3c-9d6e-5d586bccfe52,2025-03-26T21:49:07Z,mamiller@sc.younglife.org,1.0
[sub] Transform and Upload WCX Registrants to Salesforce,Unknown,[Salesforce] integrationuser - SET BY EXTENSIONS,Connection,CONNECTION,salesforce,[Salesforce] integrationuser - SET BY EXTENSIONS,N/A,N/A,ddf30609-0f84-49f9-8af5-9706be795f79,e994923b-34fe-4e3c-9d6e-5d586bccfe52,2025-03-26T21:49:07Z,mamiller@sc.younglife.org,1.0
[Main] Job Code Manager,Unknown,[YLGlobal] JobCode UPSERT,connector-action,OPERATION,operation_type,Unknown,officialboomi-X3979C-dbv2da-prod,[YLGlobal] JobCode UPSERT,34c64f4f-6a5f-42d8-b9f3-e730e5ccef90,e994923b-34fe-4e3c-9d6e-5d586bccfe52,2025-01-27T20:23:32Z,mamiller@sc.younglife.org,5.5
[Main] Job Code Manager,Unknown,[Salesforce] JCAC__c CREATE,connector-action,OPERATION,operation_type,Unknown,salesforce,[Salesforce] JCAC__c CREATE,34c64f4f-6a5f-42d8-b9f3-e730e5ccef90,e994923b-34fe-4e3c-9d6e-5d586bccfe52,2025-01-27T20:23:32Z,mamiller@sc.younglife.org,5.5
[Main] Job Code Manager,Unknown,[Salesforce] JobCode__c CREATE,connector-action,OPERATION,operation_type,Unknown,salesforce,[Salesforce] JobCode__c CREATE,34c64f4f-6a5f-42d8-b9f3-e730e5ccef90,e994923b-34fe-4e3c-9d6e-5d586bccfe52,2025-01-27T20:23:32Z,mamiller@sc.younglife.org,5.5
[Main] Job Code Manager,Unknown,[Salesforce] JobCode__c UPDATE,connector-action,OPERATION,operation_type,Unknown,salesforce,[Salesforce] JobCode__c UPDATE,34c64f4f-6a5f-42d8-b9f3-e730e5ccef90,e994923b-34fe-4e3c-9d6e-5d586bccfe52,2025-01-27T20:23:32Z,mamiller@sc.younglife.org,5.5
[Main] Job Code Manager,Unknown,[Workday] WQL API - SET BY EXTENSIONS,Connection,CONNECTION,http,[Workday] WQL API - SET BY EXTENSIONS,N/A,N/A,34c64f4f-6a5f-42d8-b9f3-e730e5ccef90,e994923b-34fe-4e3c-9d6e-5d586bccfe52,2025-01-27T20:23:32Z,mamiller@sc.younglife.org,5.5
[Main] Job Code Manager,Unknown,[WQL] POST Access Token Request,connector-action,OPERATION,operation_type,Unknown,http,[WQL] POST Access Token Request,34c64f4f-6a5f-42d8-b9f3-e730e5ccef90,e994923b-34fe-4e3c-9d6e-5d586bccfe52,2025-01-27T20:23:32Z,mamiller@sc.younglife.org,5.5
[Main] Job Code Manager,Unknown,[WQL] POST Custom Query,connector-action,OPERATION,operation_type,Unknown,http,[WQL] POST Custom Query,34c64f4f-6a5f-42d8-b9f3-e730e5ccef90,e994923b-34fe-4e3c-9d6e-5d586bccfe52,2025-01-27T20:23:32Z,mamiller@sc.younglife.org,5.5
[Main] Job Code Manager,Unknown,[AWS SES] Outbound Mail Connection,Connection,CONNECTION,mailsdk,[AWS SES] Outbound Mail Connection,N/A,N/A,34c64f4f-6a5f-42d8-b9f3-e730e5ccef90,e994923b-34fe-4e3c-9d6e-5d586bccfe52,2025-01-27T20:23:32Z,mamiller@sc.younglife.org,5.5
[Main] Job Code Manager,Unknown,[IMAP Mail] Send Email without Attachment,connector-action,OPERATION,operation_type,Unknown,mailsdk,[IMAP Mail] Send Email without Attachment,34c64f4f-6a5f-42d8-b9f3-e730e5ccef90,e994923b-34fe-4e3c-9d6e-5d586bccfe52,2025-01-27T20:23:32Z,mamiller@sc.younglife.org,5.5
[Main] Job Code Manager,Unknown,[Salesforce] JobCode__c QUERY,connector-action,OPERATION,operation_type,Unknown,salesforce,[Salesforce] JobCode__c QUERY,34c64f4f-6a5f-42d8-b9f3-e730e5ccef90,e994923b-34fe-4e3c-9d6e-5d586bccfe52,2025-01-27T20:23:32Z,mamiller@sc.younglife.org,5.5
[Main] Job Code Manager,Unknown,[Salesforce] JobCodeAccessControl__c QUERY,connector-action,OPERATION,operation_type,Unknown,salesforce,[Salesforce] JobCodeAccessControl__c QUERY,34c64f4f-6a5f-42d8-b9f3-e730e5ccef90,e994923b-34fe-4e3c-9d6e-5d586bccfe52,2025-01-27T20:23:32Z,mamiller@sc.younglife.org,5.5
[Main] Job Code Manager,Unknown,[YLGlobal] JobCode CREATE,connector-action,OPERATION,operation_type,Unknown,officialboomi-X3979C-dbv2da-prod,[YLGlobal] JobCode CREATE,34c64f4f-6a5f-42d8-b9f3-e730e5ccef90,e994923b-34fe-4e3c-9d6e-5d586bccfe52,2025-01-27T20:23:32Z,mamiller@sc.younglife.org,5.5
[Main] Job Code Manager,Unknown,[YLGlobal] JobCode QUERY by WorkdayJobCode,connector-action,OPERATION,operation_type,Unknown,officialboomi-X3979C-dbv2da-prod,[YLGlobal] JobCode QUERY by WorkdayJobCode,34c64f4f-6a5f-42d8-b9f3-e730e5ccef90,e994923b-34fe-4e3c-9d6e-5d586bccfe52,2025-01-27T20:23:32Z,mamiller@sc.younglife.org,5.5
[Main] Job Code Manager,Unknown,[AWS RDS] YLGlobal integrationuser - SET BY EXTENSIONS,Connection,CONNECTION,officialboomi-X3979C-dbv2da-prod,[AWS RDS] YLGlobal integrationuser - SET BY EXTENSIONS,N/A,N/A,34c64f4f-6a5f-42d8-b9f3-e730e5ccef90,e994923b-34fe-4e3c-9d6e-5d586bccfe52,2025-01-27T20:23:32Z,mamiller@sc.younglife.org,5.5
[Main] Job Code Manager,Unknown,[Salesforce] integrationuser - SET BY EXTENSIONS,Connection,CONNECTION,salesforce,[Salesforce] integrationuser - SET BY EXTENSIONS,N/A,N/A,34c64f4f-6a5f-42d8-b9f3-e730e5ccef90,e994923b-34fe-4e3c-9d6e-5d586bccfe52,2025-01-27T20:23:32Z,mamiller@sc.younglife.org,5.5
Individual Query Testing,Unknown,[AWS RDS] YLGlobal integrationuser - SET BY EXTENSIONS,Connection,CONNECTION,officialboomi-X3979C-dbv2da-prod,[AWS RDS] YLGlobal integrationuser - SET BY EXTENSIONS,N/A,N/A,d41949ee-b3c9-4075-bf34-d0884c2146f3,e994923b-34fe-4e3c-9d6e-5d586bccfe52,2025-06-12T22:29:36Z,andy.strubhar@argano.com,5.2
Individual Query Testing,Unknown,[Salesforce] integrationuser - SET BY EXTENSIONS,Connection,CONNECTION,salesforce,[Salesforce] integrationuser - SET BY EXTENSIONS,N/A,N/A,d41949ee-b3c9-4075-bf34-d0884c2146f3,e994923b-34fe-4e3c-9d6e-5d586bccfe52,2025-06-12T22:29:36Z,andy.strubhar@argano.com,5.2
Individual Query Testing,Unknown,[Emma Refactor 2.0] Query Contact for Individual ID,connector-action,OPERATION,operation_type,Unknown,salesforce,[Emma Refactor 2.0] Query Contact for Individual ID,d41949ee-b3c9-4075-bf34-d0884c2146f3,e994923b-34fe-4e3c-9d6e-5d586bccfe52,2025-06-12T22:29:36Z,andy.strubhar@argano.com,5.2
Individual Query Testing,Unknown,[YLGlobal] EmmaMessageQueue HardCoded Query,connector-action,OPERATION,operation_type,Unknown,officialboomi-X3979C-dbv2da-prod,[YLGlobal] EmmaMessageQueue HardCoded Query,d41949ee-b3c9-4075-bf34-d0884c2146f3,e994923b-34fe-4e3c-9d6e-5d586bccfe52,2025-06-12T22:29:36Z,andy.strubhar@argano.com,5.2
[Main] Salesforce to Workday ETL,Unknown,[SF] Update LawsonAllocation,connector-action,OPERATION,operation_type,Unknown,salesforce,[SF] Update LawsonAllocation,26557e39-cc25-47bc-8337-011122c4f17e,e994923b-34fe-4e3c-9d6e-5d586bccfe52,2025-09-17T23:11:32Z,mamiller@sc.younglife.org,111.1
[Main] Salesforce to Workday ETL,Unknown,[IMAP Mail] Send Email without Attachment,connector-action,OPERATION,operation_type,Unknown,mailsdk,[IMAP Mail] Send Email without Attachment,26557e39-cc25-47bc-8337-011122c4f17e,e994923b-34fe-4e3c-9d6e-5d586bccfe52,2025-09-17T23:11:32Z,mamiller@sc.younglife.org,111.1
[Main] Salesforce to Workday ETL,Unknown,[SF] Select UnProcessed LawsonAllocation,connector-action,OPERATION,operation_type,Unknown,salesforce,[SF] Select UnProcessed LawsonAllocation,26557e39-cc25-47bc-8337-011122c4f17e,e994923b-34fe-4e3c-9d6e-5d586bccfe52,2025-09-17T23:11:32Z,mamiller@sc.younglife.org,111.1
[Main] Salesforce to Workday ETL,Unknown,[AWS SES] Outbound Mail Connection,Connection,CONNECTION,mailsdk,[AWS SES] Outbound Mail Connection,N/A,N/A,26557e39-cc25-47bc-8337-011122c4f17e,e994923b-34fe-4e3c-9d6e-5d586bccfe52,2025-09-17T23:11:32Z,mamiller@sc.younglife.org,111.1
[Main] Salesforce to Workday ETL,Unknown,Custom SOQL Query,connector-action,OPERATION,operation_type,Unknown,salesforce,Custom SOQL Query,26557e39-cc25-47bc-8337-011122c4f17e,e994923b-34fe-4e3c-9d6e-5d586bccfe52,2025-09-17T23:11:32Z,mamiller@sc.younglife.org,111.1
[Main] Salesforce to Workday ETL,Unknown,[Salesforce] integrationuser - SET BY EXTENSIONS,Connection,CONNECTION,salesforce,[Salesforce] integrationuser - SET BY EXTENSIONS,N/A,N/A,26557e39-cc25-47bc-8337-011122c4f17e,e994923b-34fe-4e3c-9d6e-5d586bccfe52,2025-09-17T23:11:32Z,mamiller@sc.younglife.org,111.1
[Main] Salesforce to Workday ETL,Unknown,Young Life SFTP,Connection,CONNECTION,officialboomi-X3979C-sftpvx-prod,Young Life SFTP,N/A,N/A,26557e39-cc25-47bc-8337-011122c4f17e,e994923b-34fe-4e3c-9d6e-5d586bccfe52,2025-09-17T23:11:32Z,mamiller@sc.younglife.org,111.1
[Main] Salesforce to Workday ETL,Unknown,[SFTP] Create File (Overwrite if Exists),connector-action,OPERATION,operation_type,Unknown,officialboomi-X3979C-sftpvx-prod,[SFTP] Create File (Overwrite if Exists),26557e39-cc25-47bc-8337-011122c4f17e,e994923b-34fe-4e3c-9d6e-5d586bccfe52,2025-09-17T23:11:32Z,mamiller@sc.younglife.org,111.1
[Main] Batched Emma Members Sync to Salesforce,Unknown,[Emma] Get Subaccounts,connector-action,OPERATION,operation_type,Unknown,http,[Emma] Get Subaccounts,c2cca54b-841f-4018-a018-8a261a0df868,e994923b-34fe-4e3c-9d6e-5d586bccfe52,2025-08-08T18:08:00Z,andy.strubhar@argano.com,2.0
[Main] Batched Emma Members Sync to Salesforce,Unknown,[Emma] Integration User - SET BY EXTENSIONS,Connection,CONNECTION,http,[Emma] Integration User - SET BY EXTENSIONS,N/A,N/A,c2cca54b-841f-4018-a018-8a261a0df868,e994923b-34fe-4e3c-9d6e-5d586bccfe52,2025-08-08T18:08:00Z,andy.strubhar@argano.com,2.0
[Workday] Worker Replication,Unknown,"[SFTP V2] Get Specific Files, Do Not Delete",connector-action,OPERATION,operation_type,Unknown,officialboomi-X3979C-sftpv2-prod,"[SFTP V2] Get Specific Files, Do Not Delete",7425b143-d69f-456e-be74-94c0ddc20fa4,e994923b-34fe-4e3c-9d6e-5d586bccfe52,2025-02-28T21:32:55Z,mamiller@sc.younglife.org,1.2
[Workday] Worker Replication,Unknown,[SFTP V2] List File Names by Wildcard,connector-action,OPERATION,operation_type,Unknown,officialboomi-X3979C-sftpv2-prod,[SFTP V2] List File Names by Wildcard,7425b143-d69f-456e-be74-94c0ddc20fa4,e994923b-34fe-4e3c-9d6e-5d586bccfe52,2025-02-28T21:32:55Z,mamiller@sc.younglife.org,1.2
[Workday] Worker Replication,Unknown,Young Life SFTP V2,Connection,CONNECTION,officialboomi-X3979C-sftpv2-prod,Young Life SFTP V2,N/A,N/A,7425b143-d69f-456e-be74-94c0ddc20fa4,e994923b-34fe-4e3c-9d6e-5d586bccfe52,2025-02-28T21:32:55Z,mamiller@sc.younglife.org,1.2
[Workday] Worker Replication,Unknown,[AWS RDS] YLGlobal integrationuser - SET BY EXTENSIONS,Connection,CONNECTION,officialboomi-X3979C-dbv2da-prod,[AWS RDS] YLGlobal integrationuser - SET BY EXTENSIONS,N/A,N/A,7425b143-d69f-456e-be74-94c0ddc20fa4,e994923b-34fe-4e3c-9d6e-5d586bccfe52,2025-02-28T21:32:55Z,mamiller@sc.younglife.org,1.2
[Workday] Worker Replication,Unknown,YL Global Workday Worker UPSERT,connector-action,OPERATION,operation_type,Unknown,officialboomi-X3979C-dbv2da-prod,YL Global Workday Worker UPSERT,7425b143-d69f-456e-be74-94c0ddc20fa4,e994923b-34fe-4e3c-9d6e-5d586bccfe52,2025-02-28T21:32:55Z,mamiller@sc.younglife.org,1.2
[Workday] Worker Replication,Unknown,[Workday] executeWorkerReplication,connector-action,OPERATION,operation_type,Unknown,wss,[Workday] executeWorkerReplication,7425b143-d69f-456e-be74-94c0ddc20fa4,e994923b-34fe-4e3c-9d6e-5d586bccfe52,2025-02-28T21:32:55Z,mamiller@sc.younglife.org,1.2
[Workday] Cost Center Replication,Unknown,[AWS RDS] YLGlobal integrationuser - SET BY EXTENSIONS,Connection,CONNECTION,officialboomi-X3979C-dbv2da-prod,[AWS RDS] YLGlobal integrationuser - SET BY EXTENSIONS,N/A,N/A,8724984a-dc30-476e-9b8d-d4f4b321c5fe,e994923b-34fe-4e3c-9d6e-5d586bccfe52,2025-03-24T16:26:26Z,mamiller@sc.younglife.org,1.1
[Workday] Cost Center Replication,Unknown,[Workday] executeCostCenterRelication,connector-action,OPERATION,operation_type,Unknown,wss,[Workday] executeCostCenterRelication,8724984a-dc30-476e-9b8d-d4f4b321c5fe,e994923b-34fe-4e3c-9d6e-5d586bccfe52,2025-03-24T16:26:26Z,mamiller@sc.younglife.org,1.1
[Workday] Cost Center Replication,Unknown,YLGlobal.Workday.CostCenter UPSERT,connector-action,OPERATION,operation_type,Unknown,officialboomi-X3979C-dbv2da-prod,YLGlobal.Workday.CostCenter UPSERT,8724984a-dc30-476e-9b8d-d4f4b321c5fe,e994923b-34fe-4e3c-9d6e-5d586bccfe52,2025-03-24T16:26:26Z,mamiller@sc.younglife.org,1.1
[WebSvc] CBC Order Requested Event Listener,Unknown,CBC Order Requested,connector-action,OPERATION,operation_type,Unknown,sfpe,CBC Order Requested,aa9c82e3-e6cb-409c-b438-c06561d3f2c9,e994923b-34fe-4e3c-9d6e-5d586bccfe52,2025-02-27T21:25:16Z,andy.strubhar@argano.com,2.1
[WebSvc] CBC Order Requested Event Listener,Unknown,Salesforce Platform Events Connection,Connection,CONNECTION,sfpe,Salesforce Platform Events Connection,N/A,N/A,aa9c82e3-e6cb-409c-b438-c06561d3f2c9,e994923b-34fe-4e3c-9d6e-5d586bccfe52,2025-02-27T21:25:16Z,andy.strubhar@argano.com,2.1
